Cell_Number,R_Area,B_Area,BR_Ratio,Prop_Infected,Cell_Source,Unique_id,Status,F1,Manual_Match
1,335901,1180954,3.5157799470677373,0.7785543113877068,AS_A_I_15_4-20240720,AS_A_I_15_4-20240720_1,late_infected,FP,NA
2,185574,765966,4.127550195609299,0.8049750930071253,AS_A_I_15_4-20240720,AS_A_I_15_4-20240720_2,dead,FP,NA
3,188426,745484,3.956375447125131,0.7982396590677903,AS_A_I_15_4-20240720,AS_A_I_15_4-20240720_3,late_infected,FP,NA
4,319293,1127052,3.529836231924909,0.7792414672847765,AS_A_I_15_4-20240720,AS_A_I_15_4-20240720_4,late_infected,FP,NA
5,229759,894180,3.891817077894664,0.7955769841601724,AS_A_I_15_4-20240720,AS_A_I_15_4-20240720_5,late_infected,FP,NA
6,192257,844020,4.390061220137628,0.8144733502721763,AS_A_I_15_4-20240720,AS_A_I_15_4-20240720_6,dead,FP,NA
7,268297,1023860,3.816144049318479,0.7923650144680561,AS_A_I_15_4-20240720,AS_A_I_15_4-20240720_7,late_infected,FP,NA
8,279786,1007558,3.6011737542264446,0.7826641519283113,AS_A_I_15_4-20240720,AS_A_I_15_4-20240720_8,late_infected,FP,NA
9,331952,1169205,3.5222110425603703,0.7788692321988973,AS_A_I_15_4-20240720,AS_A_I_15_4-20240720_9,late_infected,FP,NA
10,297177,1028703,3.461583500741982,0.7758643316137207,AS_A_I_15_4-20240720,AS_A_I_15_4-20240720_10,late_infected,FP,NA
11,292726,1050833,3.5898177818164427,0.7821264269004934,AS_A_I_15_4-20240720,AS_A_I_15_4-20240720_11,late_infected,FP,NA
12,141781,757234,5.340870779582596,0.842292954,AS_A_I_15_4-20240720,AS_A_I_15_4-20240720_12,dead,TP,AS_A_I_15_4-20240720_27
13,97018,599038,6.174503700344266,0.8606175365200501,AS_A_I_15_4-20240720,AS_A_I_15_4-20240720_13,dead,FP,NA
14,62836,547316,8.710229804570629,0.8970158255647773,AS_A_I_15_4-20240720,AS_A_I_15_4-20240720_14,dead,FP,NA/12
15,127207,558315,4.389027333401463,0.8144377569210033,AS_A_I_15_4-20240720,AS_A_I_15_4-20240720_15,dead,FP,NA
16,164059,787526,4.800260881755953,0.8275939616534519,AS_A_I_15_4-20240720,AS_A_I_15_4-20240720_16,dead,FP,NA
17,187937,697294,3.7102539680850497,0.7876972225328756,AS_A_I_15_4-20240720,AS_A_I_15_4-20240720_17,late_infected,FP,NA
18,49253,464605,9.433029460134408,0.9041505629960028,AS_A_I_15_4-20240720,AS_A_I_15_4-20240720_18,dead,TP,AS_A_I_15_4-20240720_12
19,262335,889293,3.3899136600148663,0.772205087,AS_A_I_15_4-20240720,AS_A_I_15_4-20240720_19,late_infected,FP,NA
20,164086,691124,4.211962019916386,0.8081336747699396,AS_A_I_15_4-20240720,AS_A_I_15_4-20240720_20,dead,FP,NA
21,224043,825720,3.685542507465085,0.7865775417880035,AS_A_I_15_4-20240720,AS_A_I_15_4-20240720_21,late_infected,FP,NA
22,88989,632522,7.107867264493365,0.8766630030588585,AS_A_I_15_4-20240720,AS_A_I_15_4-20240720_22,dead,TP,AS_A_I_15_4-20240720_18
23,248484,874624,3.5198403116498445,0.7787532454581394,AS_A_I_15_4-20240720,AS_A_I_15_4-20240720_23,late_infected,FP,NA
24,147626,758802,5.1400295340929105,0.837134334,AS_A_I_15_4-20240720,AS_A_I_15_4-20240720_24,dead,TP,AS_A_I_15_4-20240720_26
25,108921,391437,3.593769796457983,0.7823138632738958,AS_A_I_15_4-20240720,AS_A_I_15_4-20240720_25,late_infected,FP,NA
26,74919,297175,3.9666172799957287,0.7986557160287454,AS_A_I_15_4-20240720,AS_A_I_15_4-20240720_26,late_infected,FP,NA
1,817192,907494,1.110502794936808,0.5261792581374233,AS_A_I_22_4-20240718,AS_A_I_22_4-20240718_1,late_infected,FP,NA
2,827320,758592,0.9169269448339216,0.4783317107128264,AS_A_I_22_4-20240718,AS_A_I_22_4-20240718_2,early_infected,FP,NA
3,800423,853987,1.0669196162529062,0.516188248,AS_A_I_22_4-20240718,AS_A_I_22_4-20240718_3,late_infected,FP,NA
4,603619,572184,0.9479224477692054,0.48663253963461567,AS_A_I_22_4-20240718,AS_A_I_22_4-20240718_4,early_infected,TP,AS_A_I_22_4-20240718_14
5,651116,754775,1.1592020469470878,0.5368659447994191,AS_A_I_22_4-20240718,AS_A_I_22_4-20240718_5,late_infected,FP,NA
6,806885,1277976,1.5838390848757875,0.6129789947627204,AS_A_I_22_4-20240718,AS_A_I_22_4-20240718_6,late_infected,FP,NA
7,820125,724536,0.8834458161865569,0.46905825938506895,AS_A_I_22_4-20240718,AS_A_I_22_4-20240718_7,early_infected,FP,NA
8,716992,808569,1.1277238797643487,0.5300142046106318,AS_A_I_22_4-20240718,AS_A_I_22_4-20240718_8,late_infected,TP,AS_A_I_22_4-20240718_13
9,706840,841448,1.1904363080753777,0.5434699487433863,AS_A_I_22_4-20240718,AS_A_I_22_4-20240718_9,late_infected,FP,NA
10,830521,905952,1.0908237118627946,0.5217196005926956,AS_A_I_22_4-20240718,AS_A_I_22_4-20240718_10,late_infected,FP,NA
11,540697,1100874,2.036027571819337,0.670622227,AS_A_I_22_4-20240718,AS_A_I_22_4-20240718_11,late_infected,FP,NA
12,497512,685470,1.377795912460403,0.5794424598176473,AS_A_I_22_4-20240718,AS_A_I_22_4-20240718_12,late_infected,FP,NA
13,456727,423262,0.926728658,0.4809855577740176,AS_A_I_22_4-20240718,AS_A_I_22_4-20240718_13,early_infected,FP,NA
14,605204,825966,1.364772869974422,0.5771264070655477,AS_A_I_22_4-20240718,AS_A_I_22_4-20240718_14,late_infected,FP,NA
15,966265,1016181,1.051658706462513,0.512589498,AS_A_I_22_4-20240718,AS_A_I_22_4-20240718_15,late_infected,FP,NA
16,816047,723296,0.8863411053530005,0.4698731861579908,AS_A_I_22_4-20240718,AS_A_I_22_4-20240718_16,early_infected,FP,NA
17,1041649,1262129,1.2116643898280517,0.5478518329457092,AS_A_I_22_4-20240718,AS_A_I_22_4-20240718_17,late_infected,FP,NA
18,724507,742933,1.025432466491007,0.5062782805429864,AS_A_I_22_4-20240718,AS_A_I_22_4-20240718_18,late_infected,FP,NA
19,151048,178986,1.1849610719771198,0.5423259421756547,AS_A_I_22_4-20240718,AS_A_I_22_4-20240718_19,late_infected,FP,NA
20,469496,625617,1.3325289246340757,0.5712807719386036,AS_A_I_22_4-20240718,AS_A_I_22_4-20240718_20,late_infected,FP,NA
21,189815,214351,1.1292627031583384,0.5303538645012198,AS_A_I_22_4-20240718,AS_A_I_22_4-20240718_21,late_infected,FP,NA
22,269961,383485,1.4205200010371868,0.5868656323552367,AS_A_I_22_4-20240718,AS_A_I_22_4-20240718_22,late_infected,FP,NA
23,328780,373408,1.1357381835878095,0.5317778144884276,AS_A_I_22_4-20240718,AS_A_I_22_4-20240718_23,late_infected,FP,NA
24,632733,865243,1.3674693749180145,0.5776080524654601,AS_A_I_22_4-20240718,AS_A_I_22_4-20240718_24,late_infected,FP,NA
25,245830,336835,1.3701948500996624,0.5780937588494246,AS_A_I_22_4-20240718,AS_A_I_22_4-20240718_25,late_infected,FP,NA
26,421504,443786,1.0528630807774066,0.5128754521605473,AS_A_I_22_4-20240718,AS_A_I_22_4-20240718_26,late_infected,FP,NA
27,411325,448630,1.0906947061326202,0.521690088,AS_A_I_22_4-20240718,AS_A_I_22_4-20240718_27,late_infected,FP,NA
28,310071,361112,1.164610685939672,0.5380231620884319,AS_A_I_22_4-20240718,AS_A_I_22_4-20240718_28,late_infected,FP,NA
29,685641,767863,1.1199198997726216,0.528284064,AS_A_I_22_4-20240718,AS_A_I_22_4-20240718_29,late_infected,FP,NA
30,571288,822691,1.4400635056223832,0.5901746009086221,AS_A_I_22_4-20240718,AS_A_I_22_4-20240718_30,late_infected,FP,NA
31,429987,592237,1.377336989257815,0.5793612750238695,AS_A_I_22_4-20240718,AS_A_I_22_4-20240718_31,late_infected,FP,NA
32,176942,194822,1.1010500616021068,0.5240475140142671,AS_A_I_22_4-20240718,AS_A_I_22_4-20240718_32,late_infected,FP,NA
33,139355,112727,0.8089196656022389,0.4471838528732714,AS_A_I_22_4-20240718,AS_A_I_22_4-20240718_33,early_infected,FP,NA
34,242600,304803,1.256401483924155,0.5568164588064004,AS_A_I_22_4-20240718,AS_A_I_22_4-20240718_34,late_infected,FP,NA
35,327355,291338,0.8899757144384537,0.4708926721330288,AS_A_I_22_4-20240718,AS_A_I_22_4-20240718_35,early_infected,FP,NA
36,354276,623080,1.7587417719518117,0.6375159102722038,AS_A_I_22_4-20240718,AS_A_I_22_4-20240718_36,late_infected,FP,NA
37,308356,336091,1.089944739197551,0.5215184491509776,AS_A_I_22_4-20240718,AS_A_I_22_4-20240718_37,late_infected,FP,NA
38,416521,492435,1.1822573171580784,0.5417588970203178,AS_A_I_22_4-20240718,AS_A_I_22_4-20240718_38,late_infected,FP,NA
39,307235,469243,1.5273097140625254,0.6043223375292024,AS_A_I_22_4-20240718,AS_A_I_22_4-20240718_39,late_infected,FP,NA
40,578716,773309,1.3362495593693626,0.5719635361772156,AS_A_I_22_4-20240718,AS_A_I_22_4-20240718_40,late_infected,FP,NA
41,290013,417868,1.440859547675449,0.5903082580264197,AS_A_I_22_4-20240718,AS_A_I_22_4-20240718_41,late_infected,FP,NA
42,289160,353786,1.223495642550837,0.5502577199329337,AS_A_I_22_4-20240718,AS_A_I_22_4-20240718_42,late_infected,FP,NA
43,687254,691610,1.0063382679475128,0.5015795611459869,AS_A_I_22_4-20240718,AS_A_I_22_4-20240718_43,late_infected,FP,NA
44,339597,399270,1.1757170999743811,0.5403814218255789,AS_A_I_22_4-20240718,AS_A_I_22_4-20240718_44,late_infected,FP,NA
45,568582,788146,1.386160659324425,0.5809167349682471,AS_A_I_22_4-20240718,AS_A_I_22_4-20240718_45,late_infected,FP,NA
46,194249,253360,1.3043052988689774,0.5660297268374854,AS_A_I_22_4-20240718,AS_A_I_22_4-20240718_46,late_infected,FP,NA
47,518575,577242,1.1131311767825292,0.5267686119123904,AS_A_I_22_4-20240718,AS_A_I_22_4-20240718_47,late_infected,TP,AS_A_I_22_4-20240718_6
48,641808,961971,1.4988454491062748,0.5998151865063702,AS_A_I_22_4-20240718,AS_A_I_22_4-20240718_48,late_infected,FP,NA
49,283507,335026,1.181720380801885,0.5416461207405264,AS_A_I_22_4-20240718,AS_A_I_22_4-20240718_49,late_infected,FP,NA
50,145109,278250,1.917524068114314,0.6572436159382463,AS_A_I_22_4-20240718,AS_A_I_22_4-20240718_50,late_infected,FP,NA
51,236261,269012,1.138622117065449,0.5324092124455493,AS_A_I_22_4-20240718,AS_A_I_22_4-20240718_51,late_infected,FP,NA
52,350574,275555,0.7860109420550297,0.4400930159759411,AS_A_I_22_4-20240718,AS_A_I_22_4-20240718_52,early_infected,FP,NA
53,360427,383567,1.064201627514032,0.5155512006817259,AS_A_I_22_4-20240718,AS_A_I_22_4-20240718_53,late_infected,FP,NA
54,511197,773329,1.5127807870546972,0.6020345247974739,AS_A_I_22_4-20240718,AS_A_I_22_4-20240718_54,late_infected,FP,NA
55,443560,560847,1.264421949679863,0.5583861920516284,AS_A_I_22_4-20240718,AS_A_I_22_4-20240718_55,late_infected,TP,AS_A_I_22_4-20240718_1
1,898857,857278,0.9537423639132808,0.48816178710634434,AS_A_I_22_5-20240718,AS_A_I_22_5-20240718_1,early_infected,FP,NA
2,938854,859264,0.9152264356332296,0.4778685269821002,AS_A_I_22_5-20240718,AS_A_I_22_5-20240718_2,early_infected,FP,NA
3,937216,1001667,1.0687685656241463,0.5166206522002617,AS_A_I_22_5-20240718,AS_A_I_22_5-20240718_3,late_infected,FP,NA
4,254851,346679,1.360320344044167,0.5763286951606736,AS_A_I_22_5-20240718,AS_A_I_22_5-20240718_4,late_infected,FP,NA
5,654054,708262,1.0828800068495874,0.5198955308460005,AS_A_I_22_5-20240718,AS_A_I_22_5-20240718_5,late_infected,FP,NA
6,817791,1024736,1.2530536530727288,0.5561579287576247,AS_A_I_22_5-20240718,AS_A_I_22_5-20240718_6,late_infected,FP,NA
7,320501,494130,1.541742459461905,0.6065691092040445,AS_A_I_22_5-20240718,AS_A_I_22_5-20240718_7,late_infected,FP,NA
8,1096992,1178949,1.0747106633412091,0.5180050800965403,AS_A_I_22_5-20240718,AS_A_I_22_5-20240718_8,late_infected,FP,NA
9,769386,844977,1.0982484734580562,0.5234120207165303,AS_A_I_22_5-20240718,AS_A_I_22_5-20240718_9,late_infected,FP,NA
10,632862,624948,0.987494904,0.496854056,AS_A_I_22_5-20240718,AS_A_I_22_5-20240718_10,early_infected,FP,NA
11,1022962,941432,0.92030007,0.4792480530891461,AS_A_I_22_5-20240718,AS_A_I_22_5-20240718_11,early_infected,TP,AS_A_I_22_5-20240718_2
12,274172,405116,1.4775980041725632,0.5963832718964562,AS_A_I_22_5-20240718,AS_A_I_22_5-20240718_12,late_infected,FP,NA
13,1093660,991592,0.9066730062359416,0.4755262193730062,AS_A_I_22_5-20240718,AS_A_I_22_5-20240718_13,early_infected,FP,NA
14,643172,797511,1.2399653591885218,0.5535645246039552,AS_A_I_22_5-20240718,AS_A_I_22_5-20240718_14,late_infected,FP,NA
15,676432,588652,0.8702308583863566,0.4653066515741247,AS_A_I_22_5-20240718,AS_A_I_22_5-20240718_15,early_infected,FP,NA
16,523675,575458,1.09888385,0.523556294,AS_A_I_22_5-20240718,AS_A_I_22_5-20240718_16,late_infected,FP,NA
17,456256,518145,1.1356453394585495,0.5317574591980099,AS_A_I_22_5-20240718,AS_A_I_22_5-20240718_17,late_infected,FP,NA
18,263499,283251,1.0749604362824907,0.5180631001371742,AS_A_I_22_5-20240718,AS_A_I_22_5-20240718_18,late_infected,FP,NA
19,571218,672128,1.1766575983249827,0.5405800155387157,AS_A_I_22_5-20240718,AS_A_I_22_5-20240718_19,late_infected,FP,NA
20,556687,367012,0.6592789125666667,0.3973285669898961,AS_A_I_22_5-20240718,AS_A_I_22_5-20240718_20,early_infected,FP,NA
21,794508,902899,1.1364253097514436,0.5319284060923515,AS_A_I_22_5-20240718,AS_A_I_22_5-20240718_21,late_infected,FP,NA
22,661303,840230,1.2705673496112977,0.5595814411005285,AS_A_I_22_5-20240718,AS_A_I_22_5-20240718_22,late_infected,FP,NA
23,468819,527383,1.1249181453823331,0.5293936370334531,AS_A_I_22_5-20240718,AS_A_I_22_5-20240718_23,late_infected,FP,NA
24,783172,765574,0.9775298401883622,0.4943186293943616,AS_A_I_22_5-20240718,AS_A_I_22_5-20240718_24,early_infected,FP,NA
25,514865,571115,1.1092519398288871,0.5258982670030755,AS_A_I_22_5-20240718,AS_A_I_22_5-20240718_25,late_infected,FP,NA
26,411013,415758,1.011544647006299,0.5028695975064438,AS_A_I_22_5-20240718,AS_A_I_22_5-20240718_26,late_infected,FP,NA
27,718945,646282,0.8989310726133432,0.4733879420784968,AS_A_I_22_5-20240718,AS_A_I_22_5-20240718_27,early_infected,FP,NA
28,345225,451931,1.3090911724237817,0.5669291832464411,AS_A_I_22_5-20240718,AS_A_I_22_5-20240718_28,late_infected,FP,NA
29,154144,112197,0.727871341,0.42125320547718903,AS_A_I_22_5-20240718,AS_A_I_22_5-20240718_29,early_infected,FP,NA
30,451300,303994,0.6735962774207844,0.4024843306050359,AS_A_I_22_5-20240718,AS_A_I_22_5-20240718_30,early_infected,FP,NA
31,141777,159572,1.1255140114405016,0.5295255667017312,AS_A_I_22_5-20240718,AS_A_I_22_5-20240718_31,late_infected,FP,NA
32,304832,256246,0.8406138463153475,0.4567029896021587,AS_A_I_22_5-20240718,AS_A_I_22_5-20240718_32,early_infected,FP,NA
33,219607,184143,0.8385115228567396,0.4560817337461301,AS_A_I_22_5-20240718,AS_A_I_22_5-20240718_33,early_infected,FP,NA
34,527528,544462,1.0321006657466525,0.5078983945745763,AS_A_I_22_5-20240718,AS_A_I_22_5-20240718_34,late_infected,FP,NA
35,135889,109806,0.8080565755874279,0.44691996174118315,AS_A_I_22_5-20240718,AS_A_I_22_5-20240718_35,early_infected,FP,NA
36,453218,431422,0.9519083531545526,0.4876808645324652,AS_A_I_22_5-20240718,AS_A_I_22_5-20240718_36,early_infected,FP,NA
37,523745,539992,1.0310208212011571,0.5076367560778651,AS_A_I_22_5-20240718,AS_A_I_22_5-20240718_37,late_infected,FP,NA
38,294739,298104,1.0114168806978376,0.5028380195093811,AS_A_I_22_5-20240718,AS_A_I_22_5-20240718_38,late_infected,FP,NA
39,406036,381141,0.9386877025682452,0.48418716502133574,AS_A_I_22_5-20240718,AS_A_I_22_5-20240718_39,early_infected,FP,NA
40,121002,192848,1.5937587808465976,0.6144591365301896,AS_A_I_22_5-20240718,AS_A_I_22_5-20240718_40,late_infected,FP,NA
41,463412,464916,1.003245492132271,0.5008100585138011,AS_A_I_22_5-20240718,AS_A_I_22_5-20240718_41,late_infected,FP,NA
42,151508,210055,1.3864284394223407,0.58096376,AS_A_I_22_5-20240718,AS_A_I_22_5-20240718_42,late_infected,FP,NA
43,169795,190175,1.1200270914926824,0.5283079145484346,AS_A_I_22_5-20240718,AS_A_I_22_5-20240718_43,late_infected,FP,NA
1,120880,555077,4.591967240238253,0.8211720568024298,AS_B_I_15_4-20240724,AS_B_I_15_4-20240724_1,dead,TP,AS_B_I_15_4-20240724_9
2,480292,1221288,2.5428031280970744,0.7177376320831227,AS_B_I_15_4-20240724,AS_B_I_15_4-20240724_2,late_infected,TP,AS_B_I_15_4-20240724_26
3,82884,398991,4.813848269871145,0.8279968871595331,AS_B_I_15_4-20240724,AS_B_I_15_4-20240724_3,dead,TP,AS_B_I_15_4-20240724_21
4,151790,964239,6.3524540483562815,0.8639909894814561,AS_B_I_15_4-20240724,AS_B_I_15_4-20240724_4,dead,TP,AS_B_I_15_4-20240724_20
5,182124,419526,2.3035184819134216,0.6972924457741212,AS_B_I_15_4-20240724,AS_B_I_15_4-20240724_5,late_infected,TP,AS_B_I_15_4-20240724_7
6,47401,455962,9.619248539060358,0.9058313781505594,AS_B_I_15_4-20240724,AS_B_I_15_4-20240724_6,dead,TP,AS_B_I_15_4-20240724_10
7,55061,354541,6.439058498755926,0.8655743868438143,AS_B_I_15_4-20240724,AS_B_I_15_4-20240724_7,dead,TP,AS_B_I_15_4-20240724_25
8,151282,464691,3.071687312436377,0.7544015727962102,AS_B_I_15_4-20240724,AS_B_I_15_4-20240724_8,late_infected,FP,NA
9,77644,272681,3.5119391066920818,0.7783658031827588,AS_B_I_15_4-20240724,AS_B_I_15_4-20240724_9,late_infected,TP,AS_B_I_15_4-20240724_12
1,583936,209549,0.3588561075186322,0.264086908,AS_B_I_22_5-20240720,AS_B_I_22_5-20240720_1,early_infected,TP,AS_B_I_22_5-20240720_17
2,386450,158084,0.4090671496959503,0.2903106142132539,AS_B_I_22_5-20240720,AS_B_I_22_5-20240720_2,early_infected,TP,AS_B_I_22_5-20240720_7
3,57933,242915,4.193033331607201,0.8074343189916503,AS_B_I_22_5-20240720,AS_B_I_22_5-20240720_3,dead,TP,AS_B_I_22_5-20240720_18
4,454112,148690,0.32743023747445565,0.2466647423200321,AS_B_I_22_5-20240720,AS_B_I_22_5-20240720_4,early_infected,TP,AS_B_I_22_5-20240720_13
5,262694,89100,0.3391779028070683,0.25327322239719835,AS_B_I_22_5-20240720,AS_B_I_22_5-20240720_5,early_infected,TP,AS_B_I_22_5-20240720_6
6,327047,123300,0.37701003219720713,0.2737888783538027,AS_B_I_22_5-20240720,AS_B_I_22_5-20240720_6,early_infected,TP,AS_B_I_22_5-20240720_5
1,363259,87228,0.2401261909546632,0.1936304488253823,AS_B_I_22_6-20240717,AS_B_I_22_6-20240717_1,uninfected,TP,AS_B_I_22_6-20240717_5
1,197167,228590,1.1593725116271991,0.5369025054197583,AS_B_U_15_1-20240726,AS_B_U_15_1-20240726_1,late_infected,TP,AS_B_U_15_1-20240726_26
2,170232,1191824,7.001174867240002,0.875018355,AS_B_U_15_1-20240726,AS_B_U_15_1-20240726_2,dead,TP,AS_B_U_15_1-20240726_10
3,460034,205453,0.44660394666481174,0.3087257902859109,AS_B_U_15_1-20240726,AS_B_U_15_1-20240726_3,early_infected,TP,AS_B_U_15_1-20240726_12
1,449568,1329318,2.956878603459321,0.7472755421089379,AS_C_I_15_2-20240726,AS_C_I_15_2-20240726_1,late_infected,FP,NA
2,453003,1355454,2.9921523698518553,0.7495085589538485,AS_C_I_15_2-20240726,AS_C_I_15_2-20240726_2,late_infected,FP,NA
3,302636,729780,2.4114117289416988,0.7068662244676565,AS_C_I_15_2-20240726,AS_C_I_15_2-20240726_3,late_infected,FP,NA
4,494288,1514995,3.0650046126954327,0.7539978191225427,AS_C_I_15_2-20240726,AS_C_I_15_2-20240726_4,late_infected,TP,AS_C_I_15_2-20240726_14
5,398628,1014827,2.545799592602627,0.7179761647877011,AS_C_I_15_2-20240726,AS_C_I_15_2-20240726_5,late_infected,FP,NA
6,423564,1233512,2.912221057502526,0.744390722,AS_C_I_15_2-20240726,AS_C_I_15_2-20240726_6,late_infected,FP,NA
7,561775,1456798,2.593205464821325,0.721696961,AS_C_I_15_2-20240726,AS_C_I_15_2-20240726_7,late_infected,TP,AS_C_I_15_2-20240726_18
8,333040,836502,2.5117163103531106,0.7152389567882128,AS_C_I_15_2-20240726,AS_C_I_15_2-20240726_8,late_infected,FP,NA
9,491535,1173765,2.387958131160548,0.7048369663123761,AS_C_I_15_2-20240726,AS_C_I_15_2-20240726_9,late_infected,FP,NA
10,512131,1179411,2.3029478785701314,0.6972401512939082,AS_C_I_15_2-20240726,AS_C_I_15_2-20240726_10,late_infected,FP,NA
11,470229,1372482,2.9187523525771484,0.74481674,AS_C_I_15_2-20240726,AS_C_I_15_2-20240726_11,late_infected,FP,NA
12,471358,1133361,2.404459031139813,0.7062675770648942,AS_C_I_15_2-20240726,AS_C_I_15_2-20240726_12,late_infected,FP,NA
13,186141,277394,1.4902358964440934,0.5984316178929315,AS_C_I_15_2-20240726,AS_C_I_15_2-20240726_13,late_infected,TP,AS_C_I_15_2-20240726_6
14,415652,1301917,3.1322284026060263,0.7579998241700916,AS_C_I_15_2-20240726,AS_C_I_15_2-20240726_14,late_infected,FP,NA
15,249342,1038460,4.1648017582276555,0.8063817263834037,AS_C_I_15_2-20240726,AS_C_I_15_2-20240726_15,dead,FP,NA
16,348871,853438,2.446285303163634,0.7098324973031059,AS_C_I_15_2-20240726,AS_C_I_15_2-20240726_16,late_infected,FP,NA
17,534745,1791354,3.349921925403697,0.7701108164355859,AS_C_I_15_2-20240726,AS_C_I_15_2-20240726_17,late_infected,FP,NA
18,550561,1434335,2.6052244892028313,0.7226247622041658,AS_C_I_15_2-20240726,AS_C_I_15_2-20240726_18,late_infected,FP,NA
19,270941,1095401,4.042950310215139,0.8017033802664341,AS_C_I_15_2-20240726,AS_C_I_15_2-20240726_19,dead,FP,NA
20,645604,1551462,2.4031170810589773,0.7061517496515808,AS_C_I_15_2-20240726,AS_C_I_15_2-20240726_20,late_infected,FP,NA
21,419621,1451402,3.4588402391682016,0.7757264341485914,AS_C_I_15_2-20240726,AS_C_I_15_2-20240726_21,late_infected,FP,NA
22,210925,566443,2.6855185492473628,0.7286677609574873,AS_C_I_15_2-20240726,AS_C_I_15_2-20240726_22,late_infected,FP,NA
23,257695,713398,2.7683812258677896,0.7346340669740179,AS_C_I_15_2-20240726,AS_C_I_15_2-20240726_23,late_infected,FP,NA
24,223675,634565,2.836995640996982,0.7393794276659209,AS_C_I_15_2-20240726,AS_C_I_15_2-20240726_24,late_infected,FP,NA
25,433631,1502379,3.4646485145204102,0.7760182023853183,AS_C_I_15_2-20240726,AS_C_I_15_2-20240726_25,late_infected,FP,NA
26,220980,771081,3.4893700787401576,0.7772516004560204,AS_C_I_15_2-20240726,AS_C_I_15_2-20240726_26,late_infected,FP,NA
27,153349,447197,2.9162042139172737,0.7446507011952457,AS_C_I_15_2-20240726,AS_C_I_15_2-20240726_27,late_infected,FP,NA
28,165962,439040,2.6454248562924043,0.725683551,AS_C_I_15_2-20240726,AS_C_I_15_2-20240726_28,late_infected,FP,NA
29,317071,964311,3.041309359733309,0.7525554440440088,AS_C_I_15_2-20240726,AS_C_I_15_2-20240726_29,late_infected,FP,NA
30,482560,1358082,2.814327752,0.737830605,AS_C_I_15_2-20240726,AS_C_I_15_2-20240726_30,late_infected,FP,NA
31,135977,382562,2.8134316832993815,0.737769001,AS_C_I_15_2-20240726,AS_C_I_15_2-20240726_31,late_infected,FP,NA
32,262757,770128,2.9309514113800965,0.7456086592408642,AS_C_I_15_2-20240726,AS_C_I_15_2-20240726_32,late_infected,FP,NA
33,304881,914535,2.999645763,0.7499778582534591,AS_C_I_15_2-20240726,AS_C_I_15_2-20240726_33,late_infected,FP,NA
34,246446,724727,2.940713178546213,0.7462388266560129,AS_C_I_15_2-20240726,AS_C_I_15_2-20240726_34,late_infected,FP,NA
35,414669,1041579,2.5118323289177633,0.715248364,AS_C_I_15_2-20240726,AS_C_I_15_2-20240726_35,late_infected,FP,NA
36,318111,1047846,3.2939634278600867,0.7671149238226387,AS_C_I_15_2-20240726,AS_C_I_15_2-20240726_36,late_infected,FP,NA
37,460317,1016644,2.208573656849519,0.6883350338973067,AS_C_I_15_2-20240726,AS_C_I_15_2-20240726_37,late_infected,FP,NA
38,156486,412783,2.6378270260598393,0.7251106243269878,AS_C_I_15_2-20240726,AS_C_I_15_2-20240726_38,late_infected,FP,NA
39,106521,426209,4.001173477530252,0.8000469280873989,AS_C_I_15_2-20240726,AS_C_I_15_2-20240726_39,dead,FP,NA
40,82572,212750,2.576539262704064,0.7204001056473951,AS_C_I_15_2-20240726,AS_C_I_15_2-20240726_40,late_infected,FP,NA
41,296746,895953,3.0192588948123986,0.7511979133041949,AS_C_I_15_2-20240726,AS_C_I_15_2-20240726_41,late_infected,FP,NA
42,133640,445708,3.3351391798862617,0.7693268985135013,AS_C_I_15_2-20240726,AS_C_I_15_2-20240726_42,late_infected,FP,NA
43,152133,480786,3.1603005265129855,0.7596327492143544,AS_C_I_15_2-20240726,AS_C_I_15_2-20240726_43,late_infected,FP,NA
44,286429,1015236,3.544459534474512,0.7799518309242394,AS_C_I_15_2-20240726,AS_C_I_15_2-20240726_44,late_infected,FP,NA
45,172033,797012,4.632901826975057,0.8224716086456253,AS_C_I_15_2-20240726,AS_C_I_15_2-20240726_45,dead,FP,NA
46,410812,1009708,2.457834727320526,0.7108016782586658,AS_C_I_15_2-20240726,AS_C_I_15_2-20240726_46,late_infected,FP,NA
47,276925,658593,2.378235984,0.7039875234896603,AS_C_I_15_2-20240726,AS_C_I_15_2-20240726_47,late_infected,FP,NA
48,307749,650940,2.115165280797013,0.6789897453710223,AS_C_I_15_2-20240726,AS_C_I_15_2-20240726_48,late_infected,FP,NA
49,159254,403689,2.5348751051778917,0.717104574,AS_C_I_15_2-20240726,AS_C_I_15_2-20240726_49,late_infected,FP,NA
50,154877,465604,3.006282404746993,0.7503920345667313,AS_C_I_15_2-20240726,AS_C_I_15_2-20240726_50,late_infected,FP,NA
51,201972,655236,3.2441922642742562,0.7643839068230814,AS_C_I_15_2-20240726,AS_C_I_15_2-20240726_51,late_infected,FP,NA
52,222601,564827,2.537396507652706,0.7173062172033506,AS_C_I_15_2-20240726,AS_C_I_15_2-20240726_52,late_infected,FP,NA
53,93098,246973,2.6528282025392596,0.7262395205707044,AS_C_I_15_2-20240726,AS_C_I_15_2-20240726_53,late_infected,FP,NA
54,197082,507615,2.575653788778275,0.720330866,AS_C_I_15_2-20240726,AS_C_I_15_2-20240726_54,late_infected,FP,NA
55,212184,750382,3.536468348226068,0.779564207,AS_C_I_15_2-20240726,AS_C_I_15_2-20240726_55,late_infected,FP,NA
56,199847,503818,2.521018579213098,0.7159912742569262,AS_C_I_15_2-20240726,AS_C_I_15_2-20240726_56,late_infected,FP,NA
57,598853,1251178,2.0892906940434464,0.6763010998194084,AS_C_I_15_2-20240726,AS_C_I_15_2-20240726_57,late_infected,TP,AS_C_I_15_2-20240726_1
58,271514,660550,2.432839558917772,0.7086959693754935,AS_C_I_15_2-20240726,AS_C_I_15_2-20240726_58,late_infected,FP,NA
59,155077,394067,2.541105386356455,0.7176023046778258,AS_C_I_15_2-20240726,AS_C_I_15_2-20240726_59,late_infected,FP,NA
60,132859,363605,2.736773571982327,0.732389458,AS_C_I_15_2-20240726,AS_C_I_15_2-20240726_60,late_infected,FP,NA
61,108900,313715,2.8807621671258037,0.7423186588265915,AS_C_I_15_2-20240726,AS_C_I_15_2-20240726_61,late_infected,FP,NA
62,101441,237607,2.342317209,0.7008063754984545,AS_C_I_15_2-20240726,AS_C_I_15_2-20240726_62,late_infected,FP,NA
63,68987,314822,4.563497470537928,0.8202569507228856,AS_C_I_15_2-20240726,AS_C_I_15_2-20240726_63,dead,FP,NA
64,167637,527656,3.147610611022626,0.7588973281767543,AS_C_I_15_2-20240726,AS_C_I_15_2-20240726_64,late_infected,FP,NA
65,228597,560147,2.450368989969247,0.7101759252685282,AS_C_I_15_2-20240726,AS_C_I_15_2-20240726_65,late_infected,TP,AS_C_I_15_2-20240726_4
66,174440,546286,3.1316555835817472,0.757966273,AS_C_I_15_2-20240726,AS_C_I_15_2-20240726_66,late_infected,FP,NA
67,145846,306821,2.103732704359393,0.6778073064747375,AS_C_I_15_2-20240726,AS_C_I_15_2-20240726_67,late_infected,FP,NA
68,278937,552357,1.980221340302649,0.6644544529372279,AS_C_I_15_2-20240726,AS_C_I_15_2-20240726_68,late_infected,FP,NA
69,111001,279889,2.5214998063080514,0.7160300851902069,AS_C_I_15_2-20240726,AS_C_I_15_2-20240726_69,late_infected,FP,NA
70,107606,274072,2.546995520695872,0.7180712537793638,AS_C_I_15_2-20240726,AS_C_I_15_2-20240726_70,late_infected,FP,NA
71,99281,366784,3.6944027558143047,0.7869803568171821,AS_C_I_15_2-20240726,AS_C_I_15_2-20240726_71,late_infected,FP,NA
72,124026,318087,2.564679986454453,0.7194699092765876,AS_C_I_15_2-20240726,AS_C_I_15_2-20240726_72,late_infected,FP,NA
1,210316,412865,1.9630698567869305,0.6625121754353871,AS_C_I_15_3-20240724,AS_C_I_15_3-20240724_1,late_infected,TP,AS_C_I_15_3-20240724_22
2,298082,425430,1.4272247233982596,0.5880068333351762,AS_C_I_15_3-20240724,AS_C_I_15_3-20240724_2,late_infected,TP,AS_C_I_15_3-20240724_6
3,109781,269278,2.4528652499066324,0.710385455,AS_C_I_15_3-20240724,AS_C_I_15_3-20240724_3,late_infected,TP,AS_C_I_15_3-20240724_9
4,326615,344348,1.0542932810801708,0.5132145885838713,AS_C_I_15_3-20240724,AS_C_I_15_3-20240724_4,late_infected,TP,AS_C_I_15_3-20240724_13
5,276290,405873,1.4690108219624307,0.5949794990346882,AS_C_I_15_3-20240724,AS_C_I_15_3-20240724_5,late_infected,FP,NA/21
6,99818,503080,5.039972750405738,0.8344363391485791,AS_C_I_15_3-20240724,AS_C_I_15_3-20240724_6,dead,TP,AS_C_I_15_3-20240724_26
7,145086,227408,1.5674014033056256,0.6105011087426911,AS_C_I_15_3-20240724,AS_C_I_15_3-20240724_7,late_infected,FP,NA/5
8,133413,465822,3.4915787816779473,0.7773611354476958,AS_C_I_15_3-20240724,AS_C_I_15_3-20240724_8,late_infected,TP,AS_C_I_15_3-20240724_1
9,368084,265209,0.7205121657013073,0.4187777221602007,AS_C_I_15_3-20240724,AS_C_I_15_3-20240724_9,early_infected,TP,AS_C_I_15_3-20240724_25
10,87470,136012,1.5549559849091117,0.6086038249165481,AS_C_I_15_3-20240724,AS_C_I_15_3-20240724_10,late_infected,FP,NA/27
11,202005,210305,1.0410880918789138,0.510065242,AS_C_I_15_3-20240724,AS_C_I_15_3-20240724_11,late_infected,FP,NA
12,196467,329224,1.6757216224607694,0.6262690439821111,AS_C_I_15_3-20240724,AS_C_I_15_3-20240724_12,late_infected,FP,NA
13,278751,227280,0.8153513350624751,0.4491424438423733,AS_C_I_15_3-20240724,AS_C_I_15_3-20240724_13,early_infected,TP,AS_C_I_15_3-20240724_12
14,152906,190485,1.2457653721894495,0.554717509,AS_C_I_15_3-20240724,AS_C_I_15_3-20240724_14,late_infected,TP,AS_C_I_15_3-20240724_3
15,129159,194643,1.5070029963068776,0.6011173494913559,AS_C_I_15_3-20240724,AS_C_I_15_3-20240724_15,late_infected,TP,AS_C_I_15_3-20240724_2
16,431889,295025,0.6831037604569693,0.40585956523054995,AS_C_I_15_3-20240724,AS_C_I_15_3-20240724_16,early_infected,TP,AS_C_I_15_3-20240724_15
17,262437,317625,1.210290469712731,0.5475707769169502,AS_C_I_15_3-20240724,AS_C_I_15_3-20240724_17,late_infected,FP,NA/1
18,126604,177843,1.404718650279612,0.5841509359592967,AS_C_I_15_3-20240724,AS_C_I_15_3-20240724_18,late_infected,TP,AS_C_I_15_3-20240724_30
19,199018,372545,1.8719161080907256,0.6518004139526177,AS_C_I_15_3-20240724,AS_C_I_15_3-20240724_19,late_infected,TP,AS_C_I_15_3-20240724_4
20,106856,637400,5.965037059219885,0.8564257459798779,AS_C_I_15_3-20240724,AS_C_I_15_3-20240724_20,dead,TP,AS_C_I_15_3-20240724_17
21,296432,260494,0.8787647757327144,0.4677353903391115,AS_C_I_15_3-20240724,AS_C_I_15_3-20240724_21,early_infected,TP,AS_C_I_15_3-20240724_14
22,135346,202916,1.499238987,0.5998782009211795,AS_C_I_15_3-20240724,AS_C_I_15_3-20240724_22,late_infected,TP,AS_C_I_15_3-20240724_10
23,186931,229384,1.227105188545506,0.550986633,AS_C_I_15_3-20240724,AS_C_I_15_3-20240724_23,late_infected,TP,AS_C_I_15_3-20240724_23
24,250592,355261,1.417686917379645,0.5863815149879591,AS_C_I_15_3-20240724,AS_C_I_15_3-20240724_24,late_infected,FP,NA/9
25,297931,295044,0.9903098368414164,0.497565665,AS_C_I_15_3-20240724,AS_C_I_15_3-20240724_25,early_infected,TP,AS_C_I_15_3-20240724_27
26,215457,206001,0.9561118923961626,0.48878180032174023,AS_C_I_15_3-20240724,AS_C_I_15_3-20240724_26,early_infected,TP,AS_C_I_15_3-20240724_7
27,104615,141524,1.3528079147349807,0.5749759282356717,AS_C_I_15_3-20240724,AS_C_I_15_3-20240724_27,late_infected,TP,AS_C_I_15_3-20240724_5
28,83418,155500,1.8641060682346735,0.6508509195623603,AS_C_I_15_3-20240724,AS_C_I_15_3-20240724_28,late_infected,TP,AS_C_I_15_3-20240724_11
29,316913,555884,1.754058685,0.636899531,AS_C_I_15_3-20240724,AS_C_I_15_3-20240724_29,late_infected,TP,AS_C_I_15_3-20240724_21
30,357835,209382,0.5851356071932594,0.3691391478041032,AS_C_I_15_3-20240724,AS_C_I_15_3-20240724_30,early_infected,FP,NA/25
31,106461,130885,1.229417345318943,0.5514523101295156,AS_C_I_15_3-20240724,AS_C_I_15_3-20240724_31,late_infected,FP,NA/25
32,175929,239743,1.362725872368967,0.5767600415712388,AS_C_I_15_3-20240724,AS_C_I_15_3-20240724_32,late_infected,TP,AS_C_I_15_3-20240724_20
33,159700,195102,1.221678146524734,0.5498897976899793,AS_C_I_15_3-20240724,AS_C_I_15_3-20240724_33,late_infected,TP,AS_C_I_15_3-20240724_24
1,502044,1271290,2.5322282509102787,0.7168925876343656,AS_C_U_15_3-20240717,AS_C_U_15_3-20240717_1,late_infected,FP,NA
2,507748,1115009,2.1959889551509804,0.687107805,AS_C_U_15_3-20240717,AS_C_U_15_3-20240717_2,late_infected,FP,NA
3,635374,1308502,2.0594201210625553,0.6731406735820598,AS_C_U_15_3-20240717,AS_C_U_15_3-20240717_3,late_infected,FP,NA
4,427249,1023691,2.396005607970996,0.705536411,AS_C_U_15_3-20240717,AS_C_U_15_3-20240717_4,late_infected,FP,NA
5,292196,797029,2.727720434229079,0.7317395395808947,AS_C_U_15_3-20240717,AS_C_U_15_3-20240717_5,late_infected,FP,NA
6,312653,844514,2.701122330506984,0.7298116866450565,AS_C_U_15_3-20240717,AS_C_U_15_3-20240717_6,late_infected,FP,NA
7,547620,986656,1.8017165187538804,0.643075952,AS_C_U_15_3-20240717,AS_C_U_15_3-20240717_7,late_infected,FP,NA
8,547050,1435442,2.623968558632666,0.7240594161287914,AS_C_U_15_3-20240717,AS_C_U_15_3-20240717_8,late_infected,FP,NA
9,560781,1027932,1.8330364259844751,0.6470218346548433,AS_C_U_15_3-20240717,AS_C_U_15_3-20240717_9,late_infected,FP,NA
10,291873,739358,2.5331496918180165,0.7169664216843753,AS_C_U_15_3-20240717,AS_C_U_15_3-20240717_10,late_infected,FP,NA
11,535323,1264713,2.362523186935738,0.7026042812477084,AS_C_U_15_3-20240717,AS_C_U_15_3-20240717_11,late_infected,TP,AS_C_U_15_3-20240717_5
12,524306,998942,1.9052652458678712,0.6557973488230413,AS_C_U_15_3-20240717,AS_C_U_15_3-20240717_12,late_infected,TP,AS_C_U_15_3-20240717_15
13,431383,1157143,2.6824028763303143,0.7284381873510412,AS_C_U_15_3-20240717,AS_C_U_15_3-20240717_13,late_infected,FP,NA
14,469059,1166732,2.487388580114655,0.7132524876344227,AS_C_U_15_3-20240717,AS_C_U_15_3-20240717_14,late_infected,FP,NA
15,254338,701708,2.758958551219244,0.7339688676067888,AS_C_U_15_3-20240717,AS_C_U_15_3-20240717_15,late_infected,FP,NA
16,330832,700943,2.118727934419887,0.6793564488381673,AS_C_U_15_3-20240717,AS_C_U_15_3-20240717_16,late_infected,FP,NA
17,537429,1077684,2.005258369012465,0.6672499075916051,AS_C_U_15_3-20240717,AS_C_U_15_3-20240717_17,late_infected,FP,NA
18,417908,1106412,2.647501364,0.7258397186942375,AS_C_U_15_3-20240717,AS_C_U_15_3-20240717_18,late_infected,FP,NA
19,448870,886682,1.975364804954664,0.6639067591527698,AS_C_U_15_3-20240717,AS_C_U_15_3-20240717_19,late_infected,FP,NA
20,491986,1044831,2.1237006744094344,0.6798668937160378,AS_C_U_15_3-20240717,AS_C_U_15_3-20240717_20,late_infected,FP,NA
21,188199,540068,2.869664557197434,0.741579668,AS_C_U_15_3-20240717,AS_C_U_15_3-20240717_21,late_infected,FP,NA
22,419471,1101751,2.6265248372354706,0.7242539221757245,AS_C_U_15_3-20240717,AS_C_U_15_3-20240717_22,late_infected,FP,NA
23,197369,528596,2.678211877,0.7281287665383317,AS_C_U_15_3-20240717,AS_C_U_15_3-20240717_23,late_infected,FP,NA
24,70317,354200,5.037188731032325,0.8343599902948527,AS_C_U_15_3-20240717,AS_C_U_15_3-20240717_24,dead,FP,NA
25,335585,750652,2.2368461045636723,0.6910572922852011,AS_C_U_15_3-20240717,AS_C_U_15_3-20240717_25,late_infected,FP,NA
26,62059,185915,2.995778211,0.749735859,AS_C_U_15_3-20240717,AS_C_U_15_3-20240717_26,late_infected,FP,NA
27,208088,368318,1.770010764676483,0.6389905726172177,AS_C_U_15_3-20240717,AS_C_U_15_3-20240717_27,late_infected,FP,NA
28,276134,558032,2.0208739235298805,0.6689699652107614,AS_C_U_15_3-20240717,AS_C_U_15_3-20240717_28,late_infected,FP,NA
29,99557,237938,2.389967556274295,0.7050119261026089,AS_C_U_15_3-20240717,AS_C_U_15_3-20240717_29,late_infected,FP,NA
30,183832,431869,2.349259106140389,0.7014265040985803,AS_C_U_15_3-20240717,AS_C_U_15_3-20240717_30,late_infected,FP,NA
31,293779,650014,2.2125951820926617,0.6887251759654924,AS_C_U_15_3-20240717,AS_C_U_15_3-20240717_31,late_infected,TP,AS_C_U_15_3-20240717_16
32,168994,370381,2.1916813614684547,0.6866855156431054,AS_C_U_15_3-20240717,AS_C_U_15_3-20240717_32,late_infected,FP,NA
33,247970,678160,2.734846957293221,0.7322514117888418,AS_C_U_15_3-20240717,AS_C_U_15_3-20240717_33,late_infected,FP,NA
34,177759,441185,2.4819277786216167,0.7128027737565918,AS_C_U_15_3-20240717,AS_C_U_15_3-20240717_34,late_infected,FP,NA
35,280549,556215,1.982594840829944,0.664721475,AS_C_U_15_3-20240717,AS_C_U_15_3-20240717_35,late_infected,FP,NA
36,86020,226835,2.637003022552894,0.7250483450799892,AS_C_U_15_3-20240717,AS_C_U_15_3-20240717_36,late_infected,FP,NA
37,279382,730798,2.615766226886485,0.7234334475044052,AS_C_U_15_3-20240717,AS_C_U_15_3-20240717_37,late_infected,FP,NA
38,273711,757831,2.768726868850722,0.7346584046020423,AS_C_U_15_3-20240717,AS_C_U_15_3-20240717_38,late_infected,FP,NA
39,115637,347565,3.0056556292536127,0.7503529777505279,AS_C_U_15_3-20240717,AS_C_U_15_3-20240717_39,late_infected,FP,NA
40,77176,291654,3.7790763968072976,0.7907545481658217,AS_C_U_15_3-20240717,AS_C_U_15_3-20240717_40,late_infected,FP,NA
41,305673,686416,2.2455892407899944,0.6918895381361955,AS_C_U_15_3-20240717,AS_C_U_15_3-20240717_41,late_infected,FP,NA
42,44564,196445,4.408154564222242,0.8150940421312067,AS_C_U_15_3-20240717,AS_C_U_15_3-20240717_42,dead,FP,NA
43,188885,547613,2.899187336209863,0.7435363028820173,AS_C_U_15_3-20240717,AS_C_U_15_3-20240717_43,late_infected,FP,NA
44,302404,599643,1.982920199468261,0.664758045,AS_C_U_15_3-20240717,AS_C_U_15_3-20240717_44,late_infected,FP,NA
45,236791,609540,2.574168781752685,0.720214668,AS_C_U_15_3-20240717,AS_C_U_15_3-20240717_45,late_infected,FP,NA
46,62063,158586,2.5552422538388413,0.7187252151607304,AS_C_U_15_3-20240717,AS_C_U_15_3-20240717_46,late_infected,FP,NA
47,102451,311879,3.044177216425413,0.7527309149711583,AS_C_U_15_3-20240717,AS_C_U_15_3-20240717_47,late_infected,FP,NA
48,132413,224846,1.6980658998738791,0.6293641307846688,AS_C_U_15_3-20240717,AS_C_U_15_3-20240717_48,late_infected,FP,NA
1,237523,279074,1.174934638,0.5402160678439867,AS_STARTER_2-20240716,AS_STARTER_2-20240716_1,late_infected,TP,AS_STARTER_2-20240716_6
2,227972,311040,1.364378081518783,0.5770557983866779,AS_STARTER_2-20240716,AS_STARTER_2-20240716_2,late_infected,FP,NA
3,241601,386299,1.598913083969023,0.6152237617455009,AS_STARTER_2-20240716,AS_STARTER_2-20240716_3,late_infected,TP,AS_STARTER_2-20240716_4
4,121795,328651,2.6983948437949015,0.7296124285707942,AS_STARTER_2-20240716,AS_STARTER_2-20240716_4,late_infected,TP,AS_STARTER_2-20240716_19
5,312132,392393,1.2571380057155306,0.5569610730634115,AS_STARTER_2-20240716,AS_STARTER_2-20240716_5,late_infected,TP,AS_STARTER_2-20240716_30
6,110629,195647,1.7684965063410136,0.6387931147069963,AS_STARTER_2-20240716,AS_STARTER_2-20240716_6,late_infected,TP,AS_STARTER_2-20240716_11
7,206390,399014,1.9333010320267456,0.6590871550237527,AS_STARTER_2-20240716,AS_STARTER_2-20240716_7,late_infected,TP,AS_STARTER_2-20240716_5
8,229391,444283,1.9367935097715256,0.659492574,AS_STARTER_2-20240716,AS_STARTER_2-20240716_8,late_infected,TP,AS_STARTER_2-20240716_1
9,79393,124043,1.5623921504414746,0.6097396724276922,AS_STARTER_2-20240716,AS_STARTER_2-20240716_9,late_infected,TP,AS_STARTER_2-20240716_24
10,90260,167843,1.8595501883447816,0.65029465,AS_STARTER_2-20240716,AS_STARTER_2-20240716_10,late_infected,TP,AS_STARTER_2-20240716_15
11,181795,276105,1.5187711433207731,0.6029810002183883,AS_STARTER_2-20240716,AS_STARTER_2-20240716_11,late_infected,FP,NA/10
12,72864,156112,2.142512077294686,0.681783244,AS_STARTER_2-20240716,AS_STARTER_2-20240716_12,late_infected,FP,NA
13,111267,202429,1.819308510160245,0.6453030959910232,AS_STARTER_2-20240716,AS_STARTER_2-20240716_13,late_infected,TP,AS_STARTER_2-20240716_17
14,99315,174435,1.7563812112973871,0.6372054794520547,AS_STARTER_2-20240716,AS_STARTER_2-20240716_14,late_infected,TP,AS_STARTER_2-20240716_7
15,93780,224146,2.390125826402218,0.7050256978038915,AS_STARTER_2-20240716,AS_STARTER_2-20240716_15,late_infected,TP,AS_STARTER_2-20240716_31
16,264332,310551,1.17485208,0.5401986143267413,AS_STARTER_2-20240716,AS_STARTER_2-20240716_16,late_infected,TP,AS_STARTER_2-20240716_22
17,89733,187261,2.0868688219495617,0.6760471345949732,AS_STARTER_2-20240716,AS_STARTER_2-20240716_17,late_infected,TP,AS_STARTER_2-20240716_12
18,88431,158424,1.7914984564236522,0.6417694598043385,AS_STARTER_2-20240716,AS_STARTER_2-20240716_18,late_infected,TP,AS_STARTER_2-20240716_28
19,129869,246238,1.896049095627132,0.6547019864028056,AS_STARTER_2-20240716,AS_STARTER_2-20240716_19,late_infected,TP,AS_STARTER_2-20240716_18
20,120087,230557,1.9199163939477213,0.6575244407433181,AS_STARTER_2-20240716,AS_STARTER_2-20240716_20,late_infected,TP,AS_STARTER_2-20240716_21
21,164047,195050,1.1889885215822296,0.5431680019604731,AS_STARTER_2-20240716,AS_STARTER_2-20240716_21,late_infected,TP,AS_STARTER_2-20240716_10
22,62257,144568,2.3221163885185603,0.6989870663604496,AS_STARTER_2-20240716,AS_STARTER_2-20240716_22,late_infected,TP,AS_STARTER_2-20240716_16
23,128061,172897,1.350114398606914,0.5744887991015357,AS_STARTER_2-20240716,AS_STARTER_2-20240716_23,late_infected,TP,AS_STARTER_2-20240716_20
24,99473,155766,1.565912358127331,0.6102750755174562,AS_STARTER_2-20240716,AS_STARTER_2-20240716_24,late_infected,TP,AS_STARTER_2-20240716_13
25,157561,197282,1.252099187,0.5559698232739549,AS_STARTER_2-20240716,AS_STARTER_2-20240716_25,late_infected,TP,AS_STARTER_2-20240716_23
26,109335,169721,1.552302556,0.6081969210481051,AS_STARTER_2-20240716,AS_STARTER_2-20240716_26,late_infected,TP,AS_STARTER_2-20240716_33
27,116332,217737,1.871686208437919,0.651772538,AS_STARTER_2-20240716,AS_STARTER_2-20240716_27,late_infected,FP,NA/7
28,67390,211883,3.144131176732453,0.7586948971078479,AS_STARTER_2-20240716,AS_STARTER_2-20240716_28,late_infected,TP,AS_STARTER_2-20240716_3
29,93374,139470,1.4936706149463448,0.5989847279723763,AS_STARTER_2-20240716,AS_STARTER_2-20240716_29,late_infected,TP,AS_STARTER_2-20240716_27
30,54828,89731,1.6365907930254615,0.6207223348252271,AS_STARTER_2-20240716,AS_STARTER_2-20240716_30,late_infected,FP,NA/24
1,178617,239829,1.3426997430255798,0.5731420541718645,AS_STARTER_5-20240716,AS_STARTER_5-20240716_1,late_infected,TP,AS_STARTER_5-20240716_7
2,86568,148613,1.7167198040846503,0.6319090402711104,AS_STARTER_5-20240716,AS_STARTER_5-20240716_2,late_infected,TP,AS_STARTER_5-20240716_16
3,258504,267814,1.0360149165970352,0.508844463,AS_STARTER_5-20240716,AS_STARTER_5-20240716_3,late_infected,TP,AS_STARTER_5-20240716_3
4,168575,263226,1.5614770873498445,0.609600256,AS_STARTER_5-20240716,AS_STARTER_5-20240716_4,late_infected,TP,AS_STARTER_5-20240716_17
5,331365,291162,0.8786745733556652,0.4677098342722485,AS_STARTER_5-20240716,AS_STARTER_5-20240716_5,early_infected,FP,NA/5
6,73206,218543,2.985315411305084,0.7490788314612904,AS_STARTER_5-20240716,AS_STARTER_5-20240716_6,late_infected,FP,NA
7,125235,146578,1.1704236036251847,0.5392604474399679,AS_STARTER_5-20240716,AS_STARTER_5-20240716_7,late_infected,FP,NA/3
8,168581,270548,1.604854639609446,0.6161014189452302,AS_STARTER_5-20240716,AS_STARTER_5-20240716_8,late_infected,FP,NA
9,94973,184809,1.9459109431101471,0.6605464254312285,AS_STARTER_5-20240716,AS_STARTER_5-20240716_9,late_infected,TP,AS_STARTER_5-20240716_14
10,232593,274941,1.1820691078407346,0.5417193724952417,AS_STARTER_5-20240716,AS_STARTER_5-20240716_10,late_infected,TP,AS_STARTER_5-20240716_5
11,170035,209827,1.2340224071514687,0.5523769158273267,AS_STARTER_5-20240716,AS_STARTER_5-20240716_11,late_infected,FP,NA/5
12,96072,223953,2.3310954284286787,0.6997984532458402,AS_STARTER_5-20240716,AS_STARTER_5-20240716_12,late_infected,TP,AS_STARTER_5-20240716_8
13,74041,211708,2.859334692940398,0.7408879821101736,AS_STARTER_5-20240716,AS_STARTER_5-20240716_13,late_infected,TP,AS_STARTER_5-20240716_20
14,279503,339174,1.2134896584294266,0.5482246794369275,AS_STARTER_5-20240716,AS_STARTER_5-20240716_14,late_infected,TP,AS_STARTER_5-20240716_15
15,108633,218826,2.014360277263815,0.6682546517273918,AS_STARTER_5-20240716,AS_STARTER_5-20240716_15,late_infected,TP,AS_STARTER_5-20240716_2
16,167856,363895,2.167899866552283,0.6843334568247168,AS_STARTER_5-20240716,AS_STARTER_5-20240716_16,late_infected,TP,AS_STARTER_5-20240716_6
17,116392,225973,1.941482232455839,0.6600353423977334,AS_STARTER_5-20240716,AS_STARTER_5-20240716_17,late_infected,FP,NA/12
18,226294,240411,1.0623834480808152,0.5151241148048553,AS_STARTER_5-20240716,AS_STARTER_5-20240716_18,late_infected,FP,NA/3
19,235848,421275,1.786214002,0.6410900242420369,AS_STARTER_5-20240716,AS_STARTER_5-20240716_19,late_infected,TP,AS_STARTER_5-20240716_18
20,108474,215795,1.9893707247819752,0.6654814367084119,AS_STARTER_5-20240716,AS_STARTER_5-20240716_20,late_infected,TP,AS_STARTER_5-20240716_12
21,138551,267886,1.933482977387388,0.6591082996872825,AS_STARTER_5-20240716,AS_STARTER_5-20240716_21,late_infected,TP,AS_STARTER_5-20240716_19
1,119397,599269,5.019129458864126,0.8338630184258056,AS_Starter_1-20240711,AS_Starter_1-20240711_1,dead,TP,AS_Starter_1-20240711_42
2,178556,880860,4.933242232128856,0.8314580863419091,AS_Starter_1-20240711,AS_Starter_1-20240711_2,dead,FP,NA
3,169581,1252681,7.386918345805249,0.8807666941815221,AS_Starter_1-20240711,AS_Starter_1-20240711_3,dead,FP,NA
4,214693,1717448,7.9995528498833215,0.8888833682427939,AS_Starter_1-20240711,AS_Starter_1-20240711_4,dead,FP,NA
5,180002,1041390,5.785435717380918,0.8526255289047251,AS_Starter_1-20240711,AS_Starter_1-20240711_5,dead,FP,NA
6,208482,960662,4.6078894101169405,0.8216797930793811,AS_Starter_1-20240711,AS_Starter_1-20240711_6,dead,FP,NA
7,189742,995136,5.2446796175859856,0.8398636821681219,AS_Starter_1-20240711,AS_Starter_1-20240711_7,dead,FP,NA
8,119726,319038,2.664734477055944,0.7271289349171765,AS_Starter_1-20240711,AS_Starter_1-20240711_8,late_infected,TP,AS_Starter_1-20240711_12
9,106281,1438955,13.53915563459132,0.9312202149056844,AS_Starter_1-20240711,AS_Starter_1-20240711_9,dead,FP,NA
10,77312,1410857,18.248874689569536,0.948048911,AS_Starter_1-20240711,AS_Starter_1-20240711_10,dead,FP,NA
11,217972,866306,3.974391206209972,0.7989703747562894,AS_Starter_1-20240711,AS_Starter_1-20240711_11,late_infected,FP,NA
12,77670,491051,6.322273722157847,0.863430399,AS_Starter_1-20240711,AS_Starter_1-20240711_12,dead,TP,AS_Starter_1-20240711_21
13,105817,1701860,16.08304903748925,0.9414624404691768,AS_Starter_1-20240711,AS_Starter_1-20240711_13,dead,FP,NA
14,132189,1204798,9.114207687477778,0.9011291807624158,AS_Starter_1-20240711,AS_Starter_1-20240711_14,dead,TP,AS_Starter_1-20240711_41
15,136062,687336,5.051638223750937,0.8347554888401478,AS_Starter_1-20240711,AS_Starter_1-20240711_15,dead,FP,NA
16,53790,680295,12.64723926380368,0.9267251067655652,AS_Starter_1-20240711,AS_Starter_1-20240711_16,dead,FP,NA
17,94929,2128735,22.42449620242497,0.9573096475007016,AS_Starter_1-20240711,AS_Starter_1-20240711_17,dead,FP,NA
18,27662,293937,10.62602126,0.913986051,AS_Starter_1-20240711,AS_Starter_1-20240711_18,dead,FP,NA
19,145765,1101022,7.553404452371969,0.8830874880793592,AS_Starter_1-20240711,AS_Starter_1-20240711_19,dead,TP,AS_Starter_1-20240711_10
20,118511,828466,6.990625342795184,0.8748533491309715,AS_Starter_1-20240711,AS_Starter_1-20240711_20,dead,FP,NA
21,79373,919276,11.581721744169933,0.9205196220093346,AS_Starter_1-20240711,AS_Starter_1-20240711_21,dead,TP,AS_Starter_1-20240711_20
22,29047,267907,9.223224429373085,0.902183503,AS_Starter_1-20240711,AS_Starter_1-20240711_22,dead,FP,NA
23,28580,487178,17.046116165150455,0.944586415,AS_Starter_1-20240711,AS_Starter_1-20240711_23,dead,TP,AS_Starter_1-20240711_43
24,18768,349519,18.623135123614663,0.949039743,AS_Starter_1-20240711,AS_Starter_1-20240711_24,dead,FP,NA
25,41808,263813,6.310108113279755,0.863203118,AS_Starter_1-20240711,AS_Starter_1-20240711_25,dead,FP,NA
26,257943,427471,1.657230473399162,0.623668323,AS_Starter_1-20240711,AS_Starter_1-20240711_26,late_infected,FP,NA
27,57431,420410,7.320262575960718,0.879811485,AS_Starter_1-20240711,AS_Starter_1-20240711_27,dead,FP,NA
28,60696,257672,4.2452879926189535,0.8093526987636949,AS_Starter_1-20240711,AS_Starter_1-20240711_28,dead,TP,AS_Starter_1-20240711_24
29,121721,721527,5.9277117342118455,0.8556521924748117,AS_Starter_1-20240711,AS_Starter_1-20240711_29,dead,FP,NA
30,80637,431311,5.348797698327071,0.8424898622516349,AS_Starter_1-20240711,AS_Starter_1-20240711_30,dead,FP,NA
31,34704,829279,23.89577570308898,0.9598325430014248,AS_Starter_1-20240711,AS_Starter_1-20240711_31,dead,FP,NA
32,69314,261767,3.776538650200537,0.7906433773004189,AS_Starter_1-20240711,AS_Starter_1-20240711_32,late_infected,FP,NA
33,92521,424726,4.590590244376952,0.8211280104089536,AS_Starter_1-20240711,AS_Starter_1-20240711_33,dead,FP,NA
34,31444,221175,7.033933341814018,0.8755279689967896,AS_Starter_1-20240711,AS_Starter_1-20240711_34,dead,FP,NA
35,28209,184772,6.550108122,0.8675515656326152,AS_Starter_1-20240711,AS_Starter_1-20240711_35,dead,FP,NA
36,179573,341548,1.9020008575899496,0.6554101638582978,AS_Starter_1-20240711,AS_Starter_1-20240711_36,late_infected,TP,AS_Starter_1-20240711_23
37,29118,286554,9.841129198433958,0.907758686,AS_Starter_1-20240711,AS_Starter_1-20240711_37,dead,FP,NA
38,187636,402841,2.1469280948218894,0.6822297904914163,AS_Starter_1-20240711,AS_Starter_1-20240711_38,late_infected,FP,NA
39,73525,364461,4.956967018021081,0.8321293374674076,AS_Starter_1-20240711,AS_Starter_1-20240711_39,dead,TP,AS_Starter_1-20240711_2
40,56718,404459,7.131051870658345,0.8770146819984518,AS_Starter_1-20240711,AS_Starter_1-20240711_40,dead,TP,AS_Starter_1-20240711_20
41,60111,126782,2.1091314401690204,0.678366766,AS_Starter_1-20240711,AS_Starter_1-20240711_41,late_infected,TP,AS_Starter_1-20240711_5
42,51003,352623,6.913769778248338,0.8736379717857621,AS_Starter_1-20240711,AS_Starter_1-20240711_42,dead,FP,NA
43,35172,257587,7.323638121232799,0.8798602263295066,AS_Starter_1-20240711,AS_Starter_1-20240711_43,dead,TP,AS_Starter_1-20240711_10
44,45970,117942,2.565629758538177,0.719544634,AS_Starter_1-20240711,AS_Starter_1-20240711_44,late_infected,FP,NA
45,129973,441064,3.393504804844083,0.7723912811253911,AS_Starter_1-20240711,AS_Starter_1-20240711_45,late_infected,FP,NA
46,41023,455853,11.112132218511569,0.9174381535835904,AS_Starter_1-20240711,AS_Starter_1-20240711_46,dead,FP,NA
47,144839,751399,5.187822340667914,0.8383922574137673,AS_Starter_1-20240711,AS_Starter_1-20240711_47,dead,TP,AS_Starter_1-20240711_18
48,81103,336563,4.149821831498218,0.8058185248499997,AS_Starter_1-20240711,AS_Starter_1-20240711_48,dead,TP,AS_Starter_1-20240711_15
49,51921,363104,6.993393809826467,0.874896693,AS_Starter_1-20240711,AS_Starter_1-20240711_49,dead,FP,NA
50,31574,190884,6.045607145119402,0.8580675902867058,AS_Starter_1-20240711,AS_Starter_1-20240711_50,dead,TP,AS_Starter_1-20240711_31
51,90421,528080,5.840236228309795,0.8538062185833167,AS_Starter_1-20240711,AS_Starter_1-20240711_51,dead,FP,NA
1,163610,834222,5.098844813886681,0.8360345228455291,AS_Starter_3-20240711,AS_Starter_3-20240711_1,dead,TP,AS_Starter_3-20240711_39
2,132578,930894,7.021481693795351,0.8753347525839891,AS_Starter_3-20240711,AS_Starter_3-20240711_2,dead,FP,NA
3,119929,446382,3.7220522142267503,0.7882276699552013,AS_Starter_3-20240711,AS_Starter_3-20240711_3,late_infected,FP,NA
4,128737,781446,6.070096398082913,0.8585592128176421,AS_Starter_3-20240711,AS_Starter_3-20240711_4,dead,FP,NA
5,109469,968183,8.844357763385068,0.8984189701313596,AS_Starter_3-20240711,AS_Starter_3-20240711_5,dead,FP,NA
6,132252,845707,6.394663218703687,0.8647673368719957,AS_Starter_3-20240711,AS_Starter_3-20240711_6,dead,TP,AS_Starter_3-20240711_19
7,142936,785372,5.494570996809761,0.8460252416223926,AS_Starter_3-20240711,AS_Starter_3-20240711_7,dead,FP,NA
8,108435,768073,7.083257250887629,0.8762874953793919,AS_Starter_3-20240711,AS_Starter_3-20240711_8,dead,FP,NA
9,83089,584278,7.031953688213843,0.8754972900967534,AS_Starter_3-20240711,AS_Starter_3-20240711_9,dead,FP,NA
10,56891,411136,7.226731820498848,0.8784450469737857,AS_Starter_3-20240711,AS_Starter_3-20240711_10,dead,FP,NA
11,97916,573929,5.861442461,0.8542580505920264,AS_Starter_3-20240711,AS_Starter_3-20240711_11,dead,FP,NA
12,121108,636578,5.256283647653334,0.8401606998149629,AS_Starter_3-20240711,AS_Starter_3-20240711_12,dead,TP,AS_Starter_3-20240711_40
13,142811,1058234,7.41003144,0.8810943803104796,AS_Starter_3-20240711,AS_Starter_3-20240711_13,dead,TP,AS_Starter_3-20240711_37
14,93966,375336,3.9943809462997257,0.7997749849776903,AS_Starter_3-20240711,AS_Starter_3-20240711_14,late_infected,FP,NA
15,117699,677653,5.7575085599707725,0.8520164656655167,AS_Starter_3-20240711,AS_Starter_3-20240711_15,dead,TP,AS_Starter_3-20240711_41
16,67645,215221,3.1816246581417693,0.7608584983702531,AS_Starter_3-20240711,AS_Starter_3-20240711_16,late_infected,FP,NA
17,91242,610445,6.690394774,0.8699676636449015,AS_Starter_3-20240711,AS_Starter_3-20240711_17,dead,FP,NA
18,83455,433366,5.192810496674855,0.8385224284616918,AS_Starter_3-20240711,AS_Starter_3-20240711_18,dead,FP,NA
19,86452,627297,7.256014898440753,0.8788761875673381,AS_Starter_3-20240711,AS_Starter_3-20240711_19,dead,FP,NA
20,123283,709907,5.758352733142445,0.85203495,AS_Starter_3-20240711,AS_Starter_3-20240711_20,dead,FP,NA
21,52851,330964,6.262208851298935,0.8623008480648229,AS_Starter_3-20240711,AS_Starter_3-20240711_21,dead,FP,NA
22,26531,137610,5.186762655,0.8383645767967783,AS_Starter_3-20240711,AS_Starter_3-20240711_22,dead,FP,NA
23,36968,351881,9.518529539,0.9049296770725912,AS_Starter_3-20240711,AS_Starter_3-20240711_23,dead,FP,NA
24,39025,325034,8.328866111467008,0.8928058364166248,AS_Starter_3-20240711,AS_Starter_3-20240711_24,dead,FP,NA
25,29226,304170,10.407513857524124,0.9123384803656912,AS_Starter_3-20240711,AS_Starter_3-20240711_25,dead,FP,NA
26,165727,610811,3.68564567,0.7865822406630455,AS_Starter_3-20240711,AS_Starter_3-20240711_26,late_infected,FP,NA
27,44408,325536,7.330571068275987,0.8799602101939753,AS_Starter_3-20240711,AS_Starter_3-20240711_27,dead,FP,NA
28,87873,271675,3.091677762225029,0.7556014774105265,AS_Starter_3-20240711,AS_Starter_3-20240711_28,late_infected,TP,AS_Starter_3-20240711_4
29,83512,265710,3.1816984385477536,0.7608627176981977,AS_Starter_3-20240711,AS_Starter_3-20240711_29,late_infected,FP,NA
30,52846,391027,7.399367974870378,0.8809434230061302,AS_Starter_3-20240711,AS_Starter_3-20240711_30,dead,FP,NA
31,52021,513713,9.875108129409275,0.9080468912952024,AS_Starter_3-20240711,AS_Starter_3-20240711_31,dead,FP,NA
32,15513,109061,7.030297170115387,0.8754716072374653,AS_Starter_3-20240711,AS_Starter_3-20240711_32,dead,FP,NA
33,30479,128942,4.230519374,0.8088143970995039,AS_Starter_3-20240711,AS_Starter_3-20240711_33,dead,FP,NA
34,36602,246536,6.7355882192229934,0.8707273485014375,AS_Starter_3-20240711,AS_Starter_3-20240711_34,dead,FP,NA
35,100454,378443,3.767326338423557,0.7902388196209206,AS_Starter_3-20240711,AS_Starter_3-20240711_35,late_infected,FP,NA
36,62306,361466,5.801463743459699,0.852972825,AS_Starter_3-20240711,AS_Starter_3-20240711_36,dead,FP,NA
37,50755,373150,7.351985026105802,0.8802679845720149,AS_Starter_3-20240711,AS_Starter_3-20240711_37,dead,TP,AS_Starter_3-20240711_18
38,74824,384396,5.137335614,0.8370628456948739,AS_Starter_3-20240711,AS_Starter_3-20240711_38,dead,FP,NA
39,41406,585536,14.14133217408105,0.933955613,AS_Starter_3-20240711,AS_Starter_3-20240711_39,dead,TP,AS_Starter_3-20240711_27
40,35908,239451,6.668458282,0.8695956914428074,AS_Starter_3-20240711,AS_Starter_3-20240711_40,dead,FP,NA
41,33125,169042,5.103154716981132,0.8361503113762384,AS_Starter_3-20240711,AS_Starter_3-20240711_41,dead,TP,AS_Starter_3-20240711_11
42,43240,282488,6.533024976873265,0.867251203,AS_Starter_3-20240711,AS_Starter_3-20240711_42,dead,FP,NA
43,50431,422773,8.383196843211516,0.8934265137234682,AS_Starter_3-20240711,AS_Starter_3-20240711_43,dead,FP,NA
44,24654,184358,7.477812930964549,0.8820450500449735,AS_Starter_3-20240711,AS_Starter_3-20240711_44,dead,TP,AS_Starter_3-20240711_20
45,60440,425525,7.0404533421575115,0.8756289033160825,AS_Starter_3-20240711,AS_Starter_3-20240711_45,dead,FP,NA
46,27615,266062,9.634691290965057,0.9059681214395408,AS_Starter_3-20240711,AS_Starter_3-20240711_46,dead,FP,NA
47,40180,319228,7.944947735191637,0.8882050483016516,AS_Starter_3-20240711,AS_Starter_3-20240711_47,dead,FP,NA
48,21622,184191,8.518684673018223,0.8949434680996827,AS_Starter_3-20240711,AS_Starter_3-20240711_48,dead,FP,NA
49,26155,109242,4.176715733129421,0.8068273299999261,AS_Starter_3-20240711,AS_Starter_3-20240711_49,dead,FP,NA
50,46894,307069,6.548151149400776,0.8675172263767682,AS_Starter_3-20240711,AS_Starter_3-20240711_50,dead,FP,NA