image,cell_number,infection_ratio
AS_A_I_15_4-20240720,0,0.9504897603790537
AS_A_I_15_4-20240720,10,0.8046073768876342
AS_A_I_15_4-20240720,11,0.06632629603892493
AS_A_I_15_4-20240720,12,0.06098427597000175
AS_A_I_15_4-20240720,13,0.9362638489941897
AS_A_I_15_4-20240720,14,0.060981498054564334
AS_A_I_15_4-20240720,15,0.9648341731288504
AS_A_I_15_4-20240720,16,0.6518100315363815
AS_A_I_15_4-20240720,17,0.12727541025396533
AS_A_I_15_4-20240720,18,0.7900900079225901
AS_A_I_15_4-20240720,19,0.5369447879809905
AS_A_I_15_4-20240720,1,0.9035258640417819
AS_A_I_15_4-20240720,20,0.6956477964454375
AS_A_I_15_4-20240720,21,0.4673129874422773
AS_A_I_15_4-20240720,22,0.9654688931032518
AS_A_I_15_4-20240720,23,0.9975271290989268
AS_A_I_15_4-20240720,24,0.747165421256817
AS_A_I_15_4-20240720,25,0.9999204362410639
AS_A_I_15_4-20240720,26,0.4882043753903979
AS_A_I_15_4-20240720,27,0.21219181573119947
AS_A_I_15_4-20240720,28,0.00954285563359996
AS_A_I_15_4-20240720,2,0.6757819139398161
AS_A_I_15_4-20240720,3,0.7656456192615922
AS_A_I_15_4-20240720,4,0.618746392089771
AS_A_I_15_4-20240720,5,0.9781423850667311
AS_A_I_15_4-20240720,6,0.898360238555261
AS_A_I_15_4-20240720,7,0.09939222336608945
AS_A_I_15_4-20240720,8,0.6642969939885385
AS_A_I_15_4-20240720,9,0.9187947540416674
AS_A_I_22_4-20240718,0,0.13173554736526563
AS_A_I_22_4-20240718,10,0.05941218257727573
AS_A_I_22_4-20240718,11,0.054386502004971055
AS_A_I_22_4-20240718,12,0.000129913015673461
AS_A_I_22_4-20240718,13,0.11028363063350818
AS_A_I_22_4-20240718,14,0.104878791265713
AS_A_I_22_4-20240718,1,0.32883621514227357
AS_A_I_22_4-20240718,2,0.04264368279063719
AS_A_I_22_4-20240718,3,0.7269554780457971
AS_A_I_22_4-20240718,4,0.5101911138972938
AS_A_I_22_4-20240718,5,0.02613373597690001
AS_A_I_22_4-20240718,6,0.034406258587363674
AS_A_I_22_4-20240718,7,0.2942338182164039
AS_A_I_22_4-20240718,8,0.27771421180524325
AS_A_I_22_4-20240718,9,0.01635664860483735
AS_A_I_22_5-20240718,0,0.031569947250043334
AS_A_I_22_5-20240718,10,0.4660448763847374
AS_A_I_22_5-20240718,11,0.8503808624931884
AS_A_I_22_5-20240718,12,0.05218718696420062
AS_A_I_22_5-20240718,13,0.005457889550571566
AS_A_I_22_5-20240718,1,3.4036230877176316e-06
AS_A_I_22_5-20240718,2,0.05056197653149464
AS_A_I_22_5-20240718,3,0.26851906954189575
AS_A_I_22_5-20240718,4,0.5614158697483799
AS_A_I_22_5-20240718,5,0.1029720195912572
AS_A_I_22_5-20240718,6,0.016891987411532586
AS_A_I_22_5-20240718,7,0.030429962152438792
AS_A_I_22_5-20240718,8,0.027839345578269743
AS_A_I_22_5-20240718,9,0.5448984168668854
AS_A_U_15_1-20240726,0,0.28476362933842286
AS_A_U_15_1-20240726,10,0.6461677440442671
AS_A_U_15_1-20240726,11,0.33556735507016555
AS_A_U_15_1-20240726,12,0.04676596549713757
AS_A_U_15_1-20240726,13,0.9766397306827518
AS_A_U_15_1-20240726,1,0.04176254897258156
AS_A_U_15_1-20240726,2,0.7295784957527971
AS_A_U_15_1-20240726,3,0.44795967865473074
AS_A_U_15_1-20240726,4,0.917399070923307
AS_A_U_15_1-20240726,5,0.5712813036050917
AS_A_U_15_1-20240726,6,0.01734288413654492
AS_A_U_15_1-20240726,7,0.3503869986721958
AS_A_U_15_1-20240726,8,0.1412828031519965
AS_A_U_15_1-20240726,9,0.10233552134943018
AS_A_U_15_2-20240726,0,0.11179608110575667
AS_A_U_15_2-20240726,10,0.7649732401605281
AS_A_U_15_2-20240726,11,0.9589199149856569
AS_A_U_15_2-20240726,12,0.6969592867098553
AS_A_U_15_2-20240726,13,0.8119645748086871
AS_A_U_15_2-20240726,14,0.3546866998114423
AS_A_U_15_2-20240726,15,0.13995570970878055
AS_A_U_15_2-20240726,16,0.09546205897843521
AS_A_U_15_2-20240726,17,0.46211758792126395
AS_A_U_15_2-20240726,18,0.1411779942983581
AS_A_U_15_2-20240726,19,0.13184259088716774
AS_A_U_15_2-20240726,1,0.19205403624297485
AS_A_U_15_2-20240726,20,0.7613725660366044
AS_A_U_15_2-20240726,21,0.06284423928225664
AS_A_U_15_2-20240726,22,0.018214875348009148
AS_A_U_15_2-20240726,23,0.06941078848436934
AS_A_U_15_2-20240726,24,0.8131155225760933
AS_A_U_15_2-20240726,25,0.08577502521981432
AS_A_U_15_2-20240726,26,0.9238601586541405
AS_A_U_15_2-20240726,27,0.15485605057839755
AS_A_U_15_2-20240726,2,0.6447674799021799
AS_A_U_15_2-20240726,3,0.1485368394840939
AS_A_U_15_2-20240726,4,0.8963585165737215
AS_A_U_15_2-20240726,5,0.08924647913977557
AS_A_U_15_2-20240726,6,0.11502293100192111
AS_A_U_15_2-20240726,7,0.5122086678707406
AS_A_U_15_2-20240726,8,0.4700568381315871
AS_A_U_15_2-20240726,9,0.5179708473455193
AS_A_U_15_3-20240726,0,0.15236892798514517
AS_A_U_15_3-20240726,10,0.06400540427657836
AS_A_U_15_3-20240726,11,0.29624127791318433
AS_A_U_15_3-20240726,12,0.09180027575617677
AS_A_U_15_3-20240726,13,0.14269527138892585
AS_A_U_15_3-20240726,14,0.30963205960062157
AS_A_U_15_3-20240726,15,0.16644101188824814
AS_A_U_15_3-20240726,16,0.588277463179158
AS_A_U_15_3-20240726,17,0.1660221465454325
AS_A_U_15_3-20240726,18,0.6214102753473046
AS_A_U_15_3-20240726,19,0.3164270579229472
AS_A_U_15_3-20240726,1,0.5382204597718323
AS_A_U_15_3-20240726,20,0.6563911531028136
AS_A_U_15_3-20240726,21,0.7190941493108018
AS_A_U_15_3-20240726,22,0.988422889993194
AS_A_U_15_3-20240726,23,0.4925293941776393
AS_A_U_15_3-20240726,24,0.08307224254943212
AS_A_U_15_3-20240726,25,0.2780325812337116
AS_A_U_15_3-20240726,26,0.18104822749146213
AS_A_U_15_3-20240726,27,0.9837402615694564
AS_A_U_15_3-20240726,28,0.07120279609732594
AS_A_U_15_3-20240726,29,0.5913002741743247
AS_A_U_15_3-20240726,2,0.32066070900361826
AS_A_U_15_3-20240726,30,0.3992047556599495
AS_A_U_15_3-20240726,31,0.10758027559003129
AS_A_U_15_3-20240726,32,0.34706929697477384
AS_A_U_15_3-20240726,3,0.5162216316046826
AS_A_U_15_3-20240726,4,0.12279620718561651
AS_A_U_15_3-20240726,5,0.26309786772274696
AS_A_U_15_3-20240726,6,0.2696910314411477
AS_A_U_15_3-20240726,7,0.49090923719826973
AS_A_U_15_3-20240726,8,0.18559227911127113
AS_A_U_15_3-20240726,9,0.08494172567293584
AS_A_U_15_4-20240726,0,0.9891099215550913
AS_A_U_15_4-20240726,10,0.06658058468040444
AS_A_U_15_4-20240726,11,0.12425517770291179
AS_A_U_15_4-20240726,12,0.3319756051487631
AS_A_U_15_4-20240726,13,0.21983292606234958
AS_A_U_15_4-20240726,14,0.7781072588516939
AS_A_U_15_4-20240726,15,0.2516043416295137
AS_A_U_15_4-20240726,16,0.16328365347183424
AS_A_U_15_4-20240726,17,0.5528010203229758
AS_A_U_15_4-20240726,18,0.3950449795280066
AS_A_U_15_4-20240726,19,0.28760898516178846
AS_A_U_15_4-20240726,1,0.2852913762691985
AS_A_U_15_4-20240726,20,0.11498989843187835
AS_A_U_15_4-20240726,21,0.9268389823605871
AS_A_U_15_4-20240726,22,0.045464364620857414
AS_A_U_15_4-20240726,23,0.3631526538193024
AS_A_U_15_4-20240726,24,0.0011623486950649272
AS_A_U_15_4-20240726,25,0.36652711509256314
AS_A_U_15_4-20240726,26,0.484891381019676
AS_A_U_15_4-20240726,27,0.8207513777229385
AS_A_U_15_4-20240726,28,0.1826981211477971
AS_A_U_15_4-20240726,2,0.19317036549093755
AS_A_U_15_4-20240726,3,0.37520914205462175
AS_A_U_15_4-20240726,4,0.8273589488375623
AS_A_U_15_4-20240726,5,0.024784275013580083
AS_A_U_15_4-20240726,6,0.2490634655485793
AS_A_U_15_4-20240726,7,0.40526573983671355
AS_A_U_15_4-20240726,8,0.04673344032722255
AS_A_U_15_4-20240726,9,0.0818644940629408
AS_A_U_15_5-20240726,0,0.7795440273926346
AS_A_U_15_5-20240726,10,0.12106297447848909
AS_A_U_15_5-20240726,11,0.16140465060597345
AS_A_U_15_5-20240726,12,0.6243075731483216
AS_A_U_15_5-20240726,13,0.3656410324292643
AS_A_U_15_5-20240726,14,0.22032070924318573
AS_A_U_15_5-20240726,15,0.6673741840328332
AS_A_U_15_5-20240726,16,0.10263345870148845
AS_A_U_15_5-20240726,17,0.04853360400602386
AS_A_U_15_5-20240726,18,0.09654478329565909
AS_A_U_15_5-20240726,19,0.06500273954842753
AS_A_U_15_5-20240726,1,0.06246062051314893
AS_A_U_15_5-20240726,20,0.10105493502435799
AS_A_U_15_5-20240726,21,0.9394608010793082
AS_A_U_15_5-20240726,22,0.5321931793689073
AS_A_U_15_5-20240726,23,0.30207371453842985
AS_A_U_15_5-20240726,24,0.2417306193426293
AS_A_U_15_5-20240726,25,0.8054330621630763
AS_A_U_15_5-20240726,26,0.644101269599285
AS_A_U_15_5-20240726,27,0.19323626138998223
AS_A_U_15_5-20240726,28,0.42988386197533374
AS_A_U_15_5-20240726,29,0.4690070901232832
AS_A_U_15_5-20240726,2,0.5076830121212292
AS_A_U_15_5-20240726,30,0.19280048767275704
AS_A_U_15_5-20240726,31,0.009526580648497929
AS_A_U_15_5-20240726,32,0.16928157287170476
AS_A_U_15_5-20240726,33,0.6567140000222135
AS_A_U_15_5-20240726,3,0.21596985625915607
AS_A_U_15_5-20240726,4,0.41483313716125153
AS_A_U_15_5-20240726,5,0.9767713384625074
AS_A_U_15_5-20240726,6,0.08040876535713794
AS_A_U_15_5-20240726,7,0.3893993254464103
AS_A_U_15_5-20240726,8,0.06085070663106193
AS_A_U_15_5-20240726,9,0.3592545669548067
AS_B_I_15_4-20240724,0,0.10160852477600402
AS_B_I_15_4-20240724,10,0.18527463549566064
AS_B_I_15_4-20240724,11,0.22859855583030061
AS_B_I_15_4-20240724,12,0.7252762856655671
AS_B_I_15_4-20240724,13,0.17703241046024595
AS_B_I_15_4-20240724,14,0.960125989906877
AS_B_I_15_4-20240724,15,0.6329961131042149
AS_B_I_15_4-20240724,16,0.9300289456683576
AS_B_I_15_4-20240724,17,0.8055226141336664
AS_B_I_15_4-20240724,18,0.9831322665011619
AS_B_I_15_4-20240724,19,0.743387808848256
AS_B_I_15_4-20240724,1,0.9549650442011153
AS_B_I_15_4-20240724,20,0.49731317932566876
AS_B_I_15_4-20240724,21,0.4961374472572929
AS_B_I_15_4-20240724,22,0.4488579775979029
AS_B_I_15_4-20240724,23,0.9794646410994267
AS_B_I_15_4-20240724,24,0.6176907591619377
AS_B_I_15_4-20240724,25,0.8464980134954381
AS_B_I_15_4-20240724,26,0.7381059157043425
AS_B_I_15_4-20240724,27,0.1255717991948537
AS_B_I_15_4-20240724,2,0.48239806949098657
AS_B_I_15_4-20240724,3,0.31400883866825274
AS_B_I_15_4-20240724,4,0.27733699984678883
AS_B_I_15_4-20240724,5,0.7802295159489189
AS_B_I_15_4-20240724,6,0.5443602109463794
AS_B_I_15_4-20240724,7,0.8593572252996782
AS_B_I_15_4-20240724,8,0.1223169933139946
AS_B_I_15_4-20240724,9,0.29068234727052206
AS_B_I_15_5-20240726,0,0.3690062916143105
AS_B_I_15_5-20240726,10,0.18627205336366845
AS_B_I_15_5-20240726,11,0.5603820793084763
AS_B_I_15_5-20240726,12,0.6526685873305148
AS_B_I_15_5-20240726,13,0.5433811580298026
AS_B_I_15_5-20240726,14,0.9854346598060667
AS_B_I_15_5-20240726,1,0.2253158377670128
AS_B_I_15_5-20240726,2,0.8876670834274057
AS_B_I_15_5-20240726,3,0.9067741965372983
AS_B_I_15_5-20240726,4,0.9670101126460731
AS_B_I_15_5-20240726,5,0.9551781200662716
AS_B_I_15_5-20240726,6,0.3097034331670415
AS_B_I_15_5-20240726,7,0.6051108553693848
AS_B_I_15_5-20240726,8,0.11728050252127788
AS_B_I_15_5-20240726,9,0.16518258887638104
AS_B_I_22_1-20240726,0,0.9686463544175309
AS_B_I_22_1-20240726,10,0.7887030190798332
AS_B_I_22_1-20240726,11,0.3686806564061309
AS_B_I_22_1-20240726,12,0.9682699737908944
AS_B_I_22_1-20240726,13,0.04014717334079568
AS_B_I_22_1-20240726,14,0.2842513580429087
AS_B_I_22_1-20240726,15,0.7657131646880463
AS_B_I_22_1-20240726,16,0.08955360680449731
AS_B_I_22_1-20240726,17,0.8474266644947788
AS_B_I_22_1-20240726,18,0.3683617706876317
AS_B_I_22_1-20240726,19,0.18163349826061506
AS_B_I_22_1-20240726,1,0.6540088299727155
AS_B_I_22_1-20240726,20,0.981446334403486
AS_B_I_22_1-20240726,21,0.620337414102842
AS_B_I_22_1-20240726,2,0.8188452801841452
AS_B_I_22_1-20240726,3,0.9375201133929271
AS_B_I_22_1-20240726,4,0.7134168131778631
AS_B_I_22_1-20240726,5,0.7903488875890051
AS_B_I_22_1-20240726,6,0.816147372612901
AS_B_I_22_1-20240726,7,0.787322836134644
AS_B_I_22_1-20240726,8,0.9464148100808064
AS_B_I_22_1-20240726,9,0.7842231594775528
AS_B_I_22_2-20240726,0,0.3900386409356534
AS_B_I_22_2-20240726,10,0.9163207786816713
AS_B_I_22_2-20240726,11,0.9230752729031283
AS_B_I_22_2-20240726,12,0.9566460584261902
AS_B_I_22_2-20240726,13,0.6075865856471667
AS_B_I_22_2-20240726,14,0.7963705862764767
AS_B_I_22_2-20240726,15,0.9039992066155036
AS_B_I_22_2-20240726,16,0.5357989914208483
AS_B_I_22_2-20240726,17,0.9943444172760747
AS_B_I_22_2-20240726,1,0.9386954203792977
AS_B_I_22_2-20240726,2,0.37898009352184725
AS_B_I_22_2-20240726,3,0.29023622017972994
AS_B_I_22_2-20240726,4,0.7674422992021803
AS_B_I_22_2-20240726,5,0.04883729908849386
AS_B_I_22_2-20240726,6,0.711334075055847
AS_B_I_22_2-20240726,7,0.9794237577944165
AS_B_I_22_2-20240726,8,0.9416363360533166
AS_B_I_22_2-20240726,9,0.9171913240270383
AS_B_I_22_3-20240726,0,0.35698050447572516
AS_B_I_22_3-20240726,10,0.6222304682053831
AS_B_I_22_3-20240726,11,0.17615865182622087
AS_B_I_22_3-20240726,12,0.650102048324571
AS_B_I_22_3-20240726,13,0.8962878063614833
AS_B_I_22_3-20240726,14,0.8509276799867033
AS_B_I_22_3-20240726,15,0.9781941235772704
AS_B_I_22_3-20240726,16,0.971437376241328
AS_B_I_22_3-20240726,17,0.055472549133303496
AS_B_I_22_3-20240726,18,0.997246630020961
AS_B_I_22_3-20240726,1,0.9410532161407603
AS_B_I_22_3-20240726,2,0.2200333938747604
AS_B_I_22_3-20240726,3,0.7132328028323595
AS_B_I_22_3-20240726,4,0.9555835927997351
AS_B_I_22_3-20240726,5,0.7072872316874098
AS_B_I_22_3-20240726,6,0.6518346239513864
AS_B_I_22_3-20240726,7,0.9623991674639656
AS_B_I_22_3-20240726,8,0.821846888585896
AS_B_I_22_3-20240726,9,0.9509904700011912
AS_B_I_22_4-20240726,0,0.9006709088033865
AS_B_I_22_4-20240726,10,0.2133539313510317
AS_B_I_22_4-20240726,11,0.09398189692591828
AS_B_I_22_4-20240726,12,0.04190375444319929
AS_B_I_22_4-20240726,13,0.3260017976267924
AS_B_I_22_4-20240726,14,0.7375629587518528
AS_B_I_22_4-20240726,15,0.2487613446264359
AS_B_I_22_4-20240726,16,0.9104572249755317
AS_B_I_22_4-20240726,17,0.16435698431886603
AS_B_I_22_4-20240726,18,0.26357039682435895
AS_B_I_22_4-20240726,19,0.9528661930527819
AS_B_I_22_4-20240726,1,0.09597203999734528
AS_B_I_22_4-20240726,20,0.00267155530954151
AS_B_I_22_4-20240726,21,0.560105308161023
AS_B_I_22_4-20240726,22,0.38874961313684064
AS_B_I_22_4-20240726,2,0.794886500264479
AS_B_I_22_4-20240726,3,0.10460571190196324
AS_B_I_22_4-20240726,4,0.008290775603566426
AS_B_I_22_4-20240726,5,0.9171281248547654
AS_B_I_22_4-20240726,6,0.8273666120870795
AS_B_I_22_4-20240726,7,0.5152590758579098
AS_B_I_22_4-20240726,8,0.9111929117406932
AS_B_I_22_4-20240726,9,0.8681036432360203
AS_B_I_22_5-20240720,0,0.5460759865950047
AS_B_I_22_5-20240720,10,0.13646548627069852
AS_B_I_22_5-20240720,11,0.7463591367684673
AS_B_I_22_5-20240720,12,0.11183868724227185
AS_B_I_22_5-20240720,13,0.00027457255344072223
AS_B_I_22_5-20240720,14,0.11797707756908309
AS_B_I_22_5-20240720,15,0.20643921176793814
AS_B_I_22_5-20240720,16,0.3734557599079434
AS_B_I_22_5-20240720,17,0.1048084238761981
AS_B_I_22_5-20240720,18,0.13044512781422324
AS_B_I_22_5-20240720,19,0.0799713052744012
AS_B_I_22_5-20240720,1,0.15043285924390679
AS_B_I_22_5-20240720,20,0.7747240305190292
AS_B_I_22_5-20240720,21,0.12986788116457024
AS_B_I_22_5-20240720,22,0.8829480867746494
AS_B_I_22_5-20240720,23,0.09613537846221315
AS_B_I_22_5-20240720,24,0.8453015829398803
AS_B_I_22_5-20240720,25,0.008626261828939443
AS_B_I_22_5-20240720,26,0.12862496488882816
AS_B_I_22_5-20240720,27,0.06304881069714426
AS_B_I_22_5-20240720,28,0.7637939798154252
AS_B_I_22_5-20240720,2,0.08422961178033386
AS_B_I_22_5-20240720,3,0.05942613320964413
AS_B_I_22_5-20240720,4,0.11527791167143536
AS_B_I_22_5-20240720,5,0.07207046206844936
AS_B_I_22_5-20240720,6,0.000867159620602063
AS_B_I_22_5-20240720,7,0.10843012084666144
AS_B_I_22_5-20240720,8,0.1192851976255509
AS_B_I_22_5-20240720,9,0.12406810973174912
AS_B_I_22_5-20240726,0,0.7741480755902302
AS_B_I_22_5-20240726,10,0.9110704556532133
AS_B_I_22_5-20240726,11,0.8868239240395377
AS_B_I_22_5-20240726,12,0.8719231657684581
AS_B_I_22_5-20240726,13,0.9224067955452884
AS_B_I_22_5-20240726,14,0.9354456763249193
AS_B_I_22_5-20240726,15,0.10550985586208204
AS_B_I_22_5-20240726,16,0.5829639452730155
AS_B_I_22_5-20240726,17,0.5083604673521999
AS_B_I_22_5-20240726,1,0.05537665367537466
AS_B_I_22_5-20240726,2,0.34284869156485365
AS_B_I_22_5-20240726,3,0.25099810422513297
AS_B_I_22_5-20240726,4,0.36952637085125994
AS_B_I_22_5-20240726,5,0.9298191978063651
AS_B_I_22_5-20240726,6,0.13605305542830615
AS_B_I_22_5-20240726,7,0.9613332537077737
AS_B_I_22_5-20240726,8,0.8610519917791299
AS_B_I_22_5-20240726,9,0.45770557154971914
AS_B_I_22_6-20240717,0,0.08419192785683567
AS_B_I_22_6-20240717,1,0.8802811768760842
AS_B_I_22_6-20240717,2,0.04280297404777104
AS_B_I_22_6-20240717,3,0.05495902461334683
AS_B_I_22_6-20240717,4,0.5583656402353236
AS_B_I_22_6-20240717,5,0.0009419330206580248
AS_B_I_22_6-20240717,6,0.0
AS_B_I_22_6-20240717,7,0.06095123536290077
AS_B_I_22_6-20240717,8,0.05516288325154521
AS_B_I_22_6-20240717,9,0.013965021355180037
AS_B_U_15_1-20240726,0,0.06903788085380085
AS_B_U_15_1-20240726,10,0.049045286269430395
AS_B_U_15_1-20240726,11,0.9531046720010522
AS_B_U_15_1-20240726,12,0.012228498673746455
AS_B_U_15_1-20240726,13,0.7688622180696021
AS_B_U_15_1-20240726,14,0.7226029794693015
AS_B_U_15_1-20240726,15,0.23634770238103878
AS_B_U_15_1-20240726,16,0.1840084868232187
AS_B_U_15_1-20240726,17,0.14599632958965184
AS_B_U_15_1-20240726,18,0.16515316305521646
AS_B_U_15_1-20240726,19,0.2334054609328925
AS_B_U_15_1-20240726,1,0.5671080352283864
AS_B_U_15_1-20240726,20,0.8416770447141187
AS_B_U_15_1-20240726,21,0.5439641317419056
AS_B_U_15_1-20240726,22,0.37405065745212723
AS_B_U_15_1-20240726,23,0.036651655620488104
AS_B_U_15_1-20240726,24,0.5886778612369666
AS_B_U_15_1-20240726,25,0.5215933536666639
AS_B_U_15_1-20240726,26,0.1691102721924461
AS_B_U_15_1-20240726,27,0.3831411218158087
AS_B_U_15_1-20240726,28,0.2503057927841954
AS_B_U_15_1-20240726,29,0.2987829438643497
AS_B_U_15_1-20240726,2,0.8917390740678115
AS_B_U_15_1-20240726,30,0.6274435925114956
AS_B_U_15_1-20240726,31,0.11369176345857504
AS_B_U_15_1-20240726,32,0.34685255995781256
AS_B_U_15_1-20240726,3,0.8893363524311101
AS_B_U_15_1-20240726,4,0.2909216009323537
AS_B_U_15_1-20240726,5,0.7201050031073967
AS_B_U_15_1-20240726,6,0.6651579907765155
AS_B_U_15_1-20240726,7,0.9648477215609563
AS_B_U_15_1-20240726,8,0.05575093454993336
AS_B_U_15_1-20240726,9,0.07654080681433155
AS_B_U_15_2-20240726,0,0.06140507631641104
AS_B_U_15_2-20240726,10,0.17630576723684097
AS_B_U_15_2-20240726,11,0.3103287950344014
AS_B_U_15_2-20240726,12,0.25885068669414857
AS_B_U_15_2-20240726,13,0.7063928396845935
AS_B_U_15_2-20240726,14,0.5197420924903033
AS_B_U_15_2-20240726,15,0.14877775261709966
AS_B_U_15_2-20240726,16,0.25229398890902305
AS_B_U_15_2-20240726,17,0.9591643006211331
AS_B_U_15_2-20240726,18,0.3321241134355543
AS_B_U_15_2-20240726,19,0.44978358309045313
AS_B_U_15_2-20240726,1,0.14968360557910496
AS_B_U_15_2-20240726,20,0.4597872785061082
AS_B_U_15_2-20240726,21,0.8753999529313273
AS_B_U_15_2-20240726,22,0.4357738756654292
AS_B_U_15_2-20240726,23,0.6491094846264037
AS_B_U_15_2-20240726,24,0.1761427822055013
AS_B_U_15_2-20240726,25,0.09353306249594322
AS_B_U_15_2-20240726,26,0.9023251200808853
AS_B_U_15_2-20240726,27,1.0
AS_B_U_15_2-20240726,2,0.21623758838720358
AS_B_U_15_2-20240726,3,0.7887070076751247
AS_B_U_15_2-20240726,4,0.41454094835464633
AS_B_U_15_2-20240726,5,0.0748450737268591
AS_B_U_15_2-20240726,6,0.36930292518408964
AS_B_U_15_2-20240726,7,0.30035857882062167
AS_B_U_15_2-20240726,8,0.4032709720650027
AS_B_U_15_2-20240726,9,0.24124761785498106
AS_B_U_15_3-20240726,0,0.17247126592845133
AS_B_U_15_3-20240726,10,0.22407854645468767
AS_B_U_15_3-20240726,11,0.1629643206115759
AS_B_U_15_3-20240726,12,0.3698737377480605
AS_B_U_15_3-20240726,13,0.1016799937952184
AS_B_U_15_3-20240726,14,0.05765174551320951
AS_B_U_15_3-20240726,15,0.3387251213770071
AS_B_U_15_3-20240726,16,0.6566552515144732
AS_B_U_15_3-20240726,17,0.25308282415161365
AS_B_U_15_3-20240726,18,0.09786015950561139
AS_B_U_15_3-20240726,19,0.7141869930918219
AS_B_U_15_3-20240726,1,0.7585520605363796
AS_B_U_15_3-20240726,20,0.16471515260855546
AS_B_U_15_3-20240726,21,0.2161948712703627
AS_B_U_15_3-20240726,22,0.5312607312031355
AS_B_U_15_3-20240726,23,0.14204074258868474
AS_B_U_15_3-20240726,2,0.08759530379212177
AS_B_U_15_3-20240726,3,0.5500550484616021
AS_B_U_15_3-20240726,4,0.2734151917307252
AS_B_U_15_3-20240726,5,0.2523360303766267
AS_B_U_15_3-20240726,6,0.16273382084341187
AS_B_U_15_3-20240726,7,0.26831108371445545
AS_B_U_15_3-20240726,8,0.025592640171477363
AS_B_U_15_3-20240726,9,0.11259055731157878
AS_B_U_15_4-20240726,0,0.4499953018008521
AS_B_U_15_4-20240726,10,0.969297914883079
AS_B_U_15_4-20240726,11,0.5343588325554124
AS_B_U_15_4-20240726,12,0.2058296130504208
AS_B_U_15_4-20240726,13,0.8289427478630952
AS_B_U_15_4-20240726,14,0.34826827651647646
AS_B_U_15_4-20240726,15,0.4379143524722923
AS_B_U_15_4-20240726,16,0.40948133706264295
AS_B_U_15_4-20240726,17,0.0
AS_B_U_15_4-20240726,18,0.46466103551024496
AS_B_U_15_4-20240726,19,0.34299493862749914
AS_B_U_15_4-20240726,1,0.8309105625389058
AS_B_U_15_4-20240726,20,0.38847477996873386
AS_B_U_15_4-20240726,21,0.1347507123003597
AS_B_U_15_4-20240726,22,0.16935124150306088
AS_B_U_15_4-20240726,23,0.12708127702087113
AS_B_U_15_4-20240726,24,0.06277033739368128
AS_B_U_15_4-20240726,25,0.08685294042537418
AS_B_U_15_4-20240726,26,0.04251273728576967
AS_B_U_15_4-20240726,27,0.39867193734140344
AS_B_U_15_4-20240726,28,0.962811151271
AS_B_U_15_4-20240726,29,0.053986281881435526
AS_B_U_15_4-20240726,2,0.6981722874755764
AS_B_U_15_4-20240726,30,0.927337190298354
AS_B_U_15_4-20240726,31,0.4833373690297509
AS_B_U_15_4-20240726,3,0.12659059725910835
AS_B_U_15_4-20240726,4,0.9159626612508776
AS_B_U_15_4-20240726,5,0.9035841660323882
AS_B_U_15_4-20240726,6,0.07546607377919544
AS_B_U_15_4-20240726,7,0.8794724342524107
AS_B_U_15_4-20240726,8,0.5806657779400969
AS_B_U_15_4-20240726,9,0.30543628651494
AS_B_U_15_5-20240726,0,0.6445969461791565
AS_B_U_15_5-20240726,10,0.6465539961082767
AS_B_U_15_5-20240726,11,0.7170157524497496
AS_B_U_15_5-20240726,12,0.2489625593062307
AS_B_U_15_5-20240726,13,0.46793729503133563
AS_B_U_15_5-20240726,14,0.3956394901190417
AS_B_U_15_5-20240726,15,0.19392613349549848
AS_B_U_15_5-20240726,16,0.31906532848486985
AS_B_U_15_5-20240726,17,0.3090508819914612
AS_B_U_15_5-20240726,18,0.6142283998969118
AS_B_U_15_5-20240726,19,0.9465499252783952
AS_B_U_15_5-20240726,1,0.16818915733190745
AS_B_U_15_5-20240726,20,0.16612285999320078
AS_B_U_15_5-20240726,21,0.3196293609330929
AS_B_U_15_5-20240726,22,0.7123151397686942
AS_B_U_15_5-20240726,23,0.5628918243052637
AS_B_U_15_5-20240726,24,0.00018467706102756853
AS_B_U_15_5-20240726,25,0.12650888276990083
AS_B_U_15_5-20240726,26,0.6856581920843756
AS_B_U_15_5-20240726,27,0.704683848367842
AS_B_U_15_5-20240726,28,0.9216608553216685
AS_B_U_15_5-20240726,29,0.4843233929259663
AS_B_U_15_5-20240726,2,0.9246754498580659
AS_B_U_15_5-20240726,3,0.780386186522091
AS_B_U_15_5-20240726,4,0.5463471850539214
AS_B_U_15_5-20240726,5,0.18853965826861074
AS_B_U_15_5-20240726,6,0.41627848686607344
AS_B_U_15_5-20240726,7,0.2765749567193791
AS_B_U_15_5-20240726,8,0.17106052620753914
AS_B_U_15_5-20240726,9,0.11122539738063138
AS_B_U_22_1-20240726,0,0.156686377893296
AS_B_U_22_1-20240726,10,0.9927838172423173
AS_B_U_22_1-20240726,1,0.9554864034559482
AS_B_U_22_1-20240726,2,0.9415090066824245
AS_B_U_22_1-20240726,3,0.6647962041148546
AS_B_U_22_1-20240726,4,0.9857525677695244
AS_B_U_22_1-20240726,5,0.9696541334495906
AS_B_U_22_1-20240726,6,0.7479517448891057
AS_B_U_22_1-20240726,7,0.6569353426028922
AS_B_U_22_1-20240726,8,0.9164497053822062
AS_B_U_22_1-20240726,9,0.21974929324269046
AS_C_I_15_2-20240726,0,0.487794172412183
AS_C_I_15_2-20240726,10,0.16931770492165157
AS_C_I_15_2-20240726,11,0.045959828086959066
AS_C_I_15_2-20240726,12,0.04645544371798901
AS_C_I_15_2-20240726,13,0.29887303074456933
AS_C_I_15_2-20240726,14,0.44901493685016913
AS_C_I_15_2-20240726,15,0.730471190221928
AS_C_I_15_2-20240726,16,0.3084635596625818
AS_C_I_15_2-20240726,17,0.8025286919536684
AS_C_I_15_2-20240726,18,0.9857441192657411
AS_C_I_15_2-20240726,19,0.8857836071373334
AS_C_I_15_2-20240726,1,0.09088465523637747
AS_C_I_15_2-20240726,20,0.1987655459943033
AS_C_I_15_2-20240726,21,0.30794263410902617
AS_C_I_15_2-20240726,2,0.7799287804869098
AS_C_I_15_2-20240726,3,0.2344928451814434
AS_C_I_15_2-20240726,4,0.40435816253641715
AS_C_I_15_2-20240726,5,0.9288883128387776
AS_C_I_15_2-20240726,6,0.987985541638916
AS_C_I_15_2-20240726,7,0.22482627584342996
AS_C_I_15_2-20240726,8,0.12901222931790587
AS_C_I_15_2-20240726,9,0.49328060288603487
AS_C_I_15_3-20240724,0,0.2631818851629836
AS_C_I_15_3-20240724,10,0.8707287094148233
AS_C_I_15_3-20240724,11,0.42504379856667707
AS_C_I_15_3-20240724,12,0.21264196749874545
AS_C_I_15_3-20240724,13,0.24612293042722377
AS_C_I_15_3-20240724,14,0.06919910112806343
AS_C_I_15_3-20240724,15,0.38954257057507385
AS_C_I_15_3-20240724,16,0.27507774437409704
AS_C_I_15_3-20240724,17,0.43838559531045745
AS_C_I_15_3-20240724,18,0.6091474799534428
AS_C_I_15_3-20240724,19,0.6159495844214372
AS_C_I_15_3-20240724,1,0.7539148854912108
AS_C_I_15_3-20240724,20,0.7413574689449418
AS_C_I_15_3-20240724,21,0.1728448735990196
AS_C_I_15_3-20240724,22,0.4527453210011147
AS_C_I_15_3-20240724,23,0.33576035560149753
AS_C_I_15_3-20240724,24,0.8020484806980648
AS_C_I_15_3-20240724,25,0.7021010247601774
AS_C_I_15_3-20240724,26,0.882566946782987
AS_C_I_15_3-20240724,27,0.04758044932558085
AS_C_I_15_3-20240724,28,0.0002484095561470597
AS_C_I_15_3-20240724,2,0.584189928125283
AS_C_I_15_3-20240724,3,0.23749439174103082
AS_C_I_15_3-20240724,4,0.8745677234507627
AS_C_I_15_3-20240724,5,0.47780417893328714
AS_C_I_15_3-20240724,6,0.7355819592160094
AS_C_I_15_3-20240724,7,0.04225552368381187
AS_C_I_15_3-20240724,8,0.32479328854885603
AS_C_I_15_3-20240724,9,0.3857639149152619
AS_C_I_15_4-20240720,0,0.31735286078465674
AS_C_I_15_4-20240720,10,0.5936893718033259
AS_C_I_15_4-20240720,11,0.9797512589578286
AS_C_I_15_4-20240720,12,0.4011338471030802
AS_C_I_15_4-20240720,13,0.3797401333611384
AS_C_I_15_4-20240720,14,0.04780285719152391
AS_C_I_15_4-20240720,15,0.6303596837419554
AS_C_I_15_4-20240720,16,0.3198322735442081
AS_C_I_15_4-20240720,17,0.05639017765071599
AS_C_I_15_4-20240720,18,0.4994107440732
AS_C_I_15_4-20240720,19,0.13084258844219968
AS_C_I_15_4-20240720,1,0.760483364258931
AS_C_I_15_4-20240720,20,0.0010695614727414197
AS_C_I_15_4-20240720,2,0.8740369145938484
AS_C_I_15_4-20240720,3,0.9215366500772175
AS_C_I_15_4-20240720,4,0.0
AS_C_I_15_4-20240720,5,0.9555306165729608
AS_C_I_15_4-20240720,6,0.2934571283577602
AS_C_I_15_4-20240720,7,0.9339450831381535
AS_C_I_15_4-20240720,8,0.6056371348399138
AS_C_I_15_4-20240720,9,0.92238138190136
AS_C_I_15_5-20240720,0,0.08863331977132542
AS_C_I_15_5-20240720,10,0.9051655888498529
AS_C_I_15_5-20240720,11,0.8312345229445535
AS_C_I_15_5-20240720,12,0.9185094718358767
AS_C_I_15_5-20240720,13,0.3842479014981384
AS_C_I_15_5-20240720,14,0.6170632717545582
AS_C_I_15_5-20240720,15,0.08092321262739971
AS_C_I_15_5-20240720,16,0.6321020890909348
AS_C_I_15_5-20240720,17,0.8397264339824977
AS_C_I_15_5-20240720,18,0.4542643412107316
AS_C_I_15_5-20240720,19,0.9621113470935112
AS_C_I_15_5-20240720,1,0.00229229903367959
AS_C_I_15_5-20240720,20,0.4910571620815393
AS_C_I_15_5-20240720,21,0.9709790972883051
AS_C_I_15_5-20240720,22,0.9795989103178686
AS_C_I_15_5-20240720,23,0.5362629503725806
AS_C_I_15_5-20240720,2,0.18931163513392657
AS_C_I_15_5-20240720,3,0.6860999989001786
AS_C_I_15_5-20240720,4,0.04377214320570752
AS_C_I_15_5-20240720,5,0.00170122258606452
AS_C_I_15_5-20240720,6,0.2324119608423014
AS_C_I_15_5-20240720,7,0.7518112820733006
AS_C_I_15_5-20240720,8,0.36858013477419077
AS_C_I_15_5-20240720,9,0.8097610748164772
AS_C_I_22_2-20240720,0,0.9713600378130035
AS_C_I_22_2-20240720,10,0.261402216067546
AS_C_I_22_2-20240720,11,0.35796503647126016
AS_C_I_22_2-20240720,12,0.041746009428583274
AS_C_I_22_2-20240720,13,0.009598546581070889
AS_C_I_22_2-20240720,14,0.7053200205937018
AS_C_I_22_2-20240720,15,0.024015604869428844
AS_C_I_22_2-20240720,16,0.841653929744986
AS_C_I_22_2-20240720,17,0.11643014635693383
AS_C_I_22_2-20240720,18,0.15877281723783862
AS_C_I_22_2-20240720,19,0.02047196420746865
AS_C_I_22_2-20240720,1,0.3560024785127826
AS_C_I_22_2-20240720,20,0.10471750042822617
AS_C_I_22_2-20240720,21,0.4688197571489158
AS_C_I_22_2-20240720,2,0.23222353612555796
AS_C_I_22_2-20240720,3,0.06552306088185017
AS_C_I_22_2-20240720,4,0.2556005417926684
AS_C_I_22_2-20240720,5,0.3199586755916701
AS_C_I_22_2-20240720,6,0.07818755661414198
AS_C_I_22_2-20240720,7,0.04917295310165869
AS_C_I_22_2-20240720,8,0.0044235399047417665
AS_C_I_22_2-20240720,9,0.31926952445104156
AS_C_I_22_3-20240720,0,0.8631269957602259
AS_C_I_22_3-20240720,10,0.09507701688634955
AS_C_I_22_3-20240720,11,0.4163723976553729
AS_C_I_22_3-20240720,12,0.03613073790120437
AS_C_I_22_3-20240720,1,0.1959674005679592
AS_C_I_22_3-20240720,2,0.00855630405346577
AS_C_I_22_3-20240720,3,0.16937307868352766
AS_C_I_22_3-20240720,4,0.5222444323208043
AS_C_I_22_3-20240720,5,0.10926234221319979
AS_C_I_22_3-20240720,6,0.026430214591676857
AS_C_I_22_3-20240720,7,0.016382164115582874
AS_C_I_22_3-20240720,8,0.34550352994840716
AS_C_I_22_3-20240720,9,0.9224669702045944
AS_C_I_22_4-20240720,0,0.06647963047646695
AS_C_I_22_4-20240720,10,0.05998161903104804
AS_C_I_22_4-20240720,11,0.578791709318569
AS_C_I_22_4-20240720,12,0.1391110832249959
AS_C_I_22_4-20240720,13,0.14288991494931344
AS_C_I_22_4-20240720,14,0.18906598351679782
AS_C_I_22_4-20240720,15,0.7881273505782783
AS_C_I_22_4-20240720,16,0.372844057436206
AS_C_I_22_4-20240720,17,0.828185997334953
AS_C_I_22_4-20240720,18,0.2298462216354794
AS_C_I_22_4-20240720,19,0.41192902820761074
AS_C_I_22_4-20240720,1,0.8530637584240897
AS_C_I_22_4-20240720,20,0.0889006380196369
AS_C_I_22_4-20240720,21,0.061445781128640055
AS_C_I_22_4-20240720,22,0.00931680788566304
AS_C_I_22_4-20240720,23,0.025294174019803956
AS_C_I_22_4-20240720,24,0.5119110403277046
AS_C_I_22_4-20240720,25,0.11639439012626207
AS_C_I_22_4-20240720,2,0.0649871912862838
AS_C_I_22_4-20240720,3,0.06134850290758839
AS_C_I_22_4-20240720,4,0.3138885320563474
AS_C_I_22_4-20240720,5,0.2504389662395703
AS_C_I_22_4-20240720,6,0.16039394282139288
AS_C_I_22_4-20240720,7,0.06099093112938775
AS_C_I_22_4-20240720,8,0.08526049508113846
AS_C_I_22_4-20240720,9,0.5137665802681806
AS_C_I_22_5-20240720,0,0.15022209742848733
AS_C_I_22_5-20240720,10,0.14094738147010558
AS_C_I_22_5-20240720,11,0.5189181640782408
AS_C_I_22_5-20240720,12,0.20122926539008335
AS_C_I_22_5-20240720,13,0.11539207428312676
AS_C_I_22_5-20240720,14,0.03908320757843383
AS_C_I_22_5-20240720,15,0.09474604651659574
AS_C_I_22_5-20240720,16,0.6542646805786939
AS_C_I_22_5-20240720,17,0.958043743608665
AS_C_I_22_5-20240720,18,0.6895926769713158
AS_C_I_22_5-20240720,19,0.8953886538894147
AS_C_I_22_5-20240720,1,0.6329785233738879
AS_C_I_22_5-20240720,20,0.17100743011901393
AS_C_I_22_5-20240720,21,0.08675517332425399
AS_C_I_22_5-20240720,22,0.03506179548009661
AS_C_I_22_5-20240720,2,0.3829153934766922
AS_C_I_22_5-20240720,3,0.13263829565296614
AS_C_I_22_5-20240720,4,0.959002993198479
AS_C_I_22_5-20240720,5,0.29870649229470436
AS_C_I_22_5-20240720,6,0.11699858730361112
AS_C_I_22_5-20240720,7,0.14044240021562682
AS_C_I_22_5-20240720,8,0.14956277870778495
AS_C_I_22_5-20240720,9,0.60482555709725
AS_C_U_15_3-20240717,0,0.0051299522558798825
AS_C_U_15_3-20240717,10,0.07533382666311028
AS_C_U_15_3-20240717,11,0.3098594238758205
AS_C_U_15_3-20240717,12,0.5827033629155354
AS_C_U_15_3-20240717,13,0.03972612997520916
AS_C_U_15_3-20240717,14,0.07517831010209149
AS_C_U_15_3-20240717,15,0.4338398190988498
AS_C_U_15_3-20240717,16,0.9975213590610382
AS_C_U_15_3-20240717,17,0.0019000211715006665
AS_C_U_15_3-20240717,18,0.0004904243327851528
AS_C_U_15_3-20240717,19,0.0
AS_C_U_15_3-20240717,1,0.026434759274791705
AS_C_U_15_3-20240717,20,0.4663411664007653
AS_C_U_15_3-20240717,21,0.0017392648933575742
AS_C_U_15_3-20240717,2,0.05518630053549078
AS_C_U_15_3-20240717,3,0.05013724857627644
AS_C_U_15_3-20240717,4,0.036348668325149235
AS_C_U_15_3-20240717,5,0.043485009770609574
AS_C_U_15_3-20240717,6,0.23658957214513923
AS_C_U_15_3-20240717,7,0.01805892230588948
AS_C_U_15_3-20240717,8,0.0833721401619945
AS_C_U_15_3-20240717,9,0.13876293021930003
AS_Starter_1-20240711,0,0.0
AS_Starter_1-20240711,10,9.346380927655989e-05
AS_Starter_1-20240711,11,0.06454543319508094
AS_Starter_1-20240711,12,0.017274124027740357
AS_Starter_1-20240711,13,0.18604854136731908
AS_Starter_1-20240711,14,0.40288725116007373
AS_Starter_1-20240711,15,0.49066317919870217
AS_Starter_1-20240711,16,0.37744726884945246
AS_Starter_1-20240711,17,0.053388090062964855
AS_Starter_1-20240711,18,0.0
AS_Starter_1-20240711,19,0.31241178670157704
AS_Starter_1-20240711,1,0.05083941997379271
AS_Starter_1-20240711,20,0.0
AS_Starter_1-20240711,21,0.06560117692072502
AS_Starter_1-20240711,22,0.1189588330314683
AS_Starter_1-20240711,23,0.627555033716535
AS_Starter_1-20240711,24,0.08515385337565533
AS_Starter_1-20240711,25,0.011067519221342092
AS_Starter_1-20240711,26,0.3469676600254033
AS_Starter_1-20240711,27,0.6901511470004419
AS_Starter_1-20240711,28,0.44436608172014896
AS_Starter_1-20240711,29,0.09356685991498666
AS_Starter_1-20240711,2,0.0002879821675768637
AS_Starter_1-20240711,30,0.10334050074414498
AS_Starter_1-20240711,31,0.04185653639828068
AS_Starter_1-20240711,32,0.11344902356214272
AS_Starter_1-20240711,33,0.1564437436400672
AS_Starter_1-20240711,34,0.2224491366324706
AS_Starter_1-20240711,35,0.0011992503028296904
AS_Starter_1-20240711,36,0.16818448134817715
AS_Starter_1-20240711,37,0.7789334708198649
AS_Starter_1-20240711,38,0.17532348118440486
AS_Starter_1-20240711,39,0.03505086429678484
AS_Starter_1-20240711,3,0.024188090928680347
AS_Starter_1-20240711,40,0.003858028415524227
AS_Starter_1-20240711,41,0.2756122294418803
AS_Starter_1-20240711,42,0.5762416109178115
AS_Starter_1-20240711,43,0.5351171547982357
AS_Starter_1-20240711,44,0.4054377552425544
AS_Starter_1-20240711,4,0.010145101981921284
AS_Starter_1-20240711,5,0.026442810360525655
AS_Starter_1-20240711,6,0.013957557659124566
AS_Starter_1-20240711,7,0.028039201070031255
AS_Starter_1-20240711,8,0.027122009912600102
AS_Starter_1-20240711,9,0.0007256831616350216
AS_STARTER_2-20240716,0,0.6329452907940265
AS_STARTER_2-20240716,10,0.462365317825017
AS_STARTER_2-20240716,11,0.6551702082313693
AS_STARTER_2-20240716,12,0.7778083907340477
AS_STARTER_2-20240716,13,0.8417886739099568
AS_STARTER_2-20240716,14,0.6159750142082482
AS_STARTER_2-20240716,15,0.6695833855743383
AS_STARTER_2-20240716,16,0.3530652133043173
AS_STARTER_2-20240716,17,0.8031304358989083
AS_STARTER_2-20240716,18,0.5320492031856463
AS_STARTER_2-20240716,19,0.7724018918280356
AS_STARTER_2-20240716,1,0.7111844509913541
AS_STARTER_2-20240716,20,0.2627125503232081
AS_STARTER_2-20240716,21,0.6507837904381082
AS_STARTER_2-20240716,22,0.530170629272381
AS_STARTER_2-20240716,23,0.1593356181101295
AS_STARTER_2-20240716,24,0.17448507386017462
AS_STARTER_2-20240716,25,0.30507070218102883
AS_STARTER_2-20240716,26,0.6115089037815183
AS_STARTER_2-20240716,27,0.08007040808197319
AS_STARTER_2-20240716,28,0.27766988453417235
AS_STARTER_2-20240716,29,0.1818379874545015
AS_STARTER_2-20240716,2,0.1866408552965153
AS_STARTER_2-20240716,30,0.4741093154593875
AS_STARTER_2-20240716,31,0.27103157536693007
AS_STARTER_2-20240716,32,0.29172633124530734
AS_STARTER_2-20240716,33,0.43027899586453605
AS_STARTER_2-20240716,34,0.48303350593960154
AS_STARTER_2-20240716,35,0.23363738975307274
AS_STARTER_2-20240716,36,0.42215955617588513
AS_STARTER_2-20240716,3,0.2280968644435296
AS_STARTER_2-20240716,4,0.22077317977454386
AS_STARTER_2-20240716,5,0.4623908780551793
AS_STARTER_2-20240716,6,0.49178838757925575
AS_STARTER_2-20240716,7,0.9352942078471481
AS_STARTER_2-20240716,8,0.40789673866989856
AS_STARTER_2-20240716,9,0.7339023494618132
AS_Starter_3-20240711,0,0.1628683268993854
AS_Starter_3-20240711,10,0.05192934845042598
AS_Starter_3-20240711,11,0.11550902427037642
AS_Starter_3-20240711,12,0.11752230730361023
AS_Starter_3-20240711,13,0.061049246264364636
AS_Starter_3-20240711,14,0.059115189351726535
AS_Starter_3-20240711,15,0.12605380885494694
AS_Starter_3-20240711,16,0.0769059879120722
AS_Starter_3-20240711,17,0.041785213500106014
AS_Starter_3-20240711,18,0.8889443088373113
AS_Starter_3-20240711,19,0.9042540984106485
AS_Starter_3-20240711,1,0.19636711887878858
AS_Starter_3-20240711,20,0.4183762697350503
AS_Starter_3-20240711,21,0.011539380551355737
AS_Starter_3-20240711,22,0.38212814844468795
AS_Starter_3-20240711,23,0.2426779071237551
AS_Starter_3-20240711,24,0.13311300419549402
AS_Starter_3-20240711,25,0.2957619200026349
AS_Starter_3-20240711,26,0.11613271171911042
AS_Starter_3-20240711,27,0.09277442590798533
AS_Starter_3-20240711,28,0.3822822290441561
AS_Starter_3-20240711,29,0.25291640504844526
AS_Starter_3-20240711,2,0.02961792291601392
AS_Starter_3-20240711,30,0.0895893318587631
AS_Starter_3-20240711,31,0.05234481056550003
AS_Starter_3-20240711,32,0.23234876153440875
AS_Starter_3-20240711,33,0.2551826352150783
AS_Starter_3-20240711,34,0.022999372486972685
AS_Starter_3-20240711,35,0.025259901978800334
AS_Starter_3-20240711,36,0.30681353867978384
AS_Starter_3-20240711,37,0.5451918157468433
AS_Starter_3-20240711,3,0.061868638002694
AS_Starter_3-20240711,4,0.6724324027694486
AS_Starter_3-20240711,5,0.03871842953748082
AS_Starter_3-20240711,6,0.04997987109443111
AS_Starter_3-20240711,7,0.1439371294480029
AS_Starter_3-20240711,8,0.0261039763561943
AS_Starter_3-20240711,9,0.6107956089916129
AS_STARTER_5-20240716,0,0.20232933945807074
AS_STARTER_5-20240716,10,0.025973736217210747
AS_STARTER_5-20240716,11,0.9024257373714414
AS_STARTER_5-20240716,12,0.062062057264070276
AS_STARTER_5-20240716,13,0.13085204366149655
AS_STARTER_5-20240716,14,0.254432303504818
AS_STARTER_5-20240716,15,0.25478126983519095
AS_STARTER_5-20240716,16,0.26747908942451565
AS_STARTER_5-20240716,17,0.5172459920204868
AS_STARTER_5-20240716,18,0.17362753732850095
AS_STARTER_5-20240716,19,0.470061602384273
AS_STARTER_5-20240716,1,0.09447102404765824
AS_STARTER_5-20240716,2,0.022918608456458364
AS_STARTER_5-20240716,3,0.03585551236241124
AS_STARTER_5-20240716,4,0.6833370639833808
AS_STARTER_5-20240716,5,0.09364964575097585
AS_STARTER_5-20240716,6,0.3223066054756426
AS_STARTER_5-20240716,7,0.28804785948575123
AS_STARTER_5-20240716,8,0.40891170383328346
AS_STARTER_5-20240716,9,0.0916776803732322
THN_A_I_15_1-20240717,0,0.11265223046505668
THN_A_I_15_1-20240717,10,0.0965835986304719
THN_A_I_15_1-20240717,11,0.018728519019144886
THN_A_I_15_1-20240717,12,0.03710990856282049
THN_A_I_15_1-20240717,13,0.01561798261772762
THN_A_I_15_1-20240717,14,0.10763272671813166
THN_A_I_15_1-20240717,15,0.07270463094014998
THN_A_I_15_1-20240717,16,0.004325390621389208
THN_A_I_15_1-20240717,17,0.040711163346721285
THN_A_I_15_1-20240717,1,0.07156039828643049
THN_A_I_15_1-20240717,2,0.08887927515814276
THN_A_I_15_1-20240717,3,0.13849396023734406
THN_A_I_15_1-20240717,4,0.1354293243139818
THN_A_I_15_1-20240717,5,0.1409590852690019
THN_A_I_15_1-20240717,6,0.05442328217510839
THN_A_I_15_1-20240717,7,0.10387835398678455
THN_A_I_15_1-20240717,8,0.0
THN_A_I_15_1-20240717,9,0.039232169406576714
THN_A_I_15_1-20240720,0,0.14859639817863263
THN_A_I_15_1-20240720,10,0.09591082733517449
THN_A_I_15_1-20240720,11,0.06940674501056603
THN_A_I_15_1-20240720,12,0.8621014515380369
THN_A_I_15_1-20240720,13,0.0455010344817243
THN_A_I_15_1-20240720,14,0.894153331234936
THN_A_I_15_1-20240720,15,0.8699039207253996
THN_A_I_15_1-20240720,16,0.4964217521573656
THN_A_I_15_1-20240720,17,0.0
THN_A_I_15_1-20240720,18,0.9138366257676621
THN_A_I_15_1-20240720,1,0.556711206001972
THN_A_I_15_1-20240720,2,0.04601783348813922
THN_A_I_15_1-20240720,3,0.9138549577409177
THN_A_I_15_1-20240720,4,0.8484087431824757
THN_A_I_15_1-20240720,5,0.8846750220969922
THN_A_I_15_1-20240720,6,0.012149909570877129
THN_A_I_15_1-20240720,7,0.749782385835428
THN_A_I_15_1-20240720,8,0.10835135415077637
THN_A_I_15_1-20240720,9,0.15216365274247243
THN_A_I_15_1-20240724,0,0.2901404698514461
THN_A_I_15_1-20240724,10,0.6171243803135392
THN_A_I_15_1-20240724,11,0.36027487184583745
THN_A_I_15_1-20240724,12,0.8971694712144757
THN_A_I_15_1-20240724,13,0.6249869564694707
THN_A_I_15_1-20240724,1,0.80713154348427
THN_A_I_15_1-20240724,2,0.9024848594623295
THN_A_I_15_1-20240724,3,0.4495156697955436
THN_A_I_15_1-20240724,4,0.8182279358875924
THN_A_I_15_1-20240724,5,0.234733545305044
THN_A_I_15_1-20240724,6,0.9131267061807639
THN_A_I_15_1-20240724,7,0.7946864100555379
THN_A_I_15_1-20240724,8,0.9651823693071825
THN_A_I_15_1-20240724,9,0.2753965194057445
THN_A_I_15_2-20240720,0,0.03316754649364033
THN_A_I_15_2-20240720,10,0.0721320810389112
THN_A_I_15_2-20240720,11,0.12936907239986856
THN_A_I_15_2-20240720,12,0.13301796553418804
THN_A_I_15_2-20240720,13,0.08834207845648959
THN_A_I_15_2-20240720,14,0.04259039290641281
THN_A_I_15_2-20240720,15,0.7137775347509348
THN_A_I_15_2-20240720,1,0.23473307062273796
THN_A_I_15_2-20240720,2,0.7281336632944979
THN_A_I_15_2-20240720,3,0.9019858180759537
THN_A_I_15_2-20240720,4,0.029559889689854593
THN_A_I_15_2-20240720,5,0.13320137544421934
THN_A_I_15_2-20240720,6,0.13983259737033835
THN_A_I_15_2-20240720,7,0.010928159781933566
THN_A_I_15_2-20240720,8,0.1977302935611594
THN_A_I_15_2-20240720,9,0.08373883496521763
THN_A_I_15_3-20240720,0,0.04804571327066958
THN_A_I_15_3-20240720,10,0.010783536146849354
THN_A_I_15_3-20240720,11,0.1945931544030511
THN_A_I_15_3-20240720,12,0.0
THN_A_I_15_3-20240720,13,0.0289376375408416
THN_A_I_15_3-20240720,14,0.03602226750010861
THN_A_I_15_3-20240720,15,0.06509980226060648
THN_A_I_15_3-20240720,16,0.0017135353098337823
THN_A_I_15_3-20240720,17,0.025966824516247915
THN_A_I_15_3-20240720,18,0.024710621434968185
THN_A_I_15_3-20240720,1,0.06664786614066308
THN_A_I_15_3-20240720,2,0.06822846766668902
THN_A_I_15_3-20240720,3,0.06167883503795353
THN_A_I_15_3-20240720,4,0.9579983872034203
THN_A_I_15_3-20240720,5,0.018323525252737664
THN_A_I_15_3-20240720,6,0.016966446897629946
THN_A_I_15_3-20240720,7,0.09801033490836317
THN_A_I_15_3-20240720,8,0.096025713363833
THN_A_I_15_3-20240720,9,0.05027907562057587
THN_A_I_15_5-20240720,0,0.41834429175972293
THN_A_I_15_5-20240720,10,0.9616975182907702
THN_A_I_15_5-20240720,11,0.013794359850670257
THN_A_I_15_5-20240720,12,0.19872102206709588
THN_A_I_15_5-20240720,13,0.82248359712022
THN_A_I_15_5-20240720,14,0.7326943125142478
THN_A_I_15_5-20240720,15,0.017724177065537933
THN_A_I_15_5-20240720,16,0.014288115796021673
THN_A_I_15_5-20240720,17,0.05770871887378606
THN_A_I_15_5-20240720,18,0.0
THN_A_I_15_5-20240720,19,0.2947893068470405
THN_A_I_15_5-20240720,1,0.0006302299366442296
THN_A_I_15_5-20240720,20,0.0
THN_A_I_15_5-20240720,21,0.03233709693547607
THN_A_I_15_5-20240720,22,0.967910518849989
THN_A_I_15_5-20240720,2,0.04964179219073935
THN_A_I_15_5-20240720,3,0.035634508086852014
THN_A_I_15_5-20240720,4,0.0841515611384969
THN_A_I_15_5-20240720,5,0.0037381270741461046
THN_A_I_15_5-20240720,6,0.04612328587024286
THN_A_I_15_5-20240720,7,0.024046310348949485
THN_A_I_15_5-20240720,8,0.19557338457024703
THN_A_I_15_5-20240720,9,0.8816678704064136
THN_A_I_22_1-20240717,0,0.1661622512914882
THN_A_I_22_1-20240717,10,0.05240498947625751
THN_A_I_22_1-20240717,11,0.02973399123366851
THN_A_I_22_1-20240717,12,0.09232038924014938
THN_A_I_22_1-20240717,13,0.09251781123024003
THN_A_I_22_1-20240717,14,0.02544119839060602
THN_A_I_22_1-20240717,15,0.10309564540198471
THN_A_I_22_1-20240717,16,0.12815075103790238
THN_A_I_22_1-20240717,17,0.10932776511507188
THN_A_I_22_1-20240717,18,0.09113546326682877
THN_A_I_22_1-20240717,19,0.09605000964064206
THN_A_I_22_1-20240717,1,0.07832802513855756
THN_A_I_22_1-20240717,20,0.07307751700621777
THN_A_I_22_1-20240717,21,0.055268434234424374
THN_A_I_22_1-20240717,22,0.03907808345994876
THN_A_I_22_1-20240717,23,0.03205479469365281
THN_A_I_22_1-20240717,24,0.15128707325828117
THN_A_I_22_1-20240717,25,0.045394384343564
THN_A_I_22_1-20240717,26,0.11876597867859161
THN_A_I_22_1-20240717,27,0.08824681309151222
THN_A_I_22_1-20240717,28,0.07188594090939773
THN_A_I_22_1-20240717,29,0.005361719164073591
THN_A_I_22_1-20240717,2,0.046675675755955236
THN_A_I_22_1-20240717,30,0.055327408553499484
THN_A_I_22_1-20240717,31,0.017121354605764662
THN_A_I_22_1-20240717,32,0.09397134870381232
THN_A_I_22_1-20240717,33,0.08585823682039555
THN_A_I_22_1-20240717,34,0.14978474396302974
THN_A_I_22_1-20240717,3,0.06315087710140826
THN_A_I_22_1-20240717,4,0.03327628164478969
THN_A_I_22_1-20240717,5,0.04789051504167368
THN_A_I_22_1-20240717,6,0.04466491141205108
THN_A_I_22_1-20240717,7,0.32657474376199036
THN_A_I_22_1-20240717,8,0.10007466317331293
THN_A_I_22_1-20240717,9,0.0933595340136942
THN_A_I_22_1-20240720,0,0.0032881464214877137
THN_A_I_22_1-20240720,10,0.011971793264493333
THN_A_I_22_1-20240720,11,0.05938541286858497
THN_A_I_22_1-20240720,12,0.15047364072571245
THN_A_I_22_1-20240720,13,0.06670446875733894
THN_A_I_22_1-20240720,14,0.28701085175755336
THN_A_I_22_1-20240720,15,0.2530980714251616
THN_A_I_22_1-20240720,16,0.2332088938318726
THN_A_I_22_1-20240720,17,0.4602126970626409
THN_A_I_22_1-20240720,1,0.04092539528781538
THN_A_I_22_1-20240720,2,0.014944100325063665
THN_A_I_22_1-20240720,3,0.879753732110524
THN_A_I_22_1-20240720,4,0.2849116943729008
THN_A_I_22_1-20240720,5,0.04319640371550005
THN_A_I_22_1-20240720,6,0.10762130129733172
THN_A_I_22_1-20240720,7,0.07405003401337427
THN_A_I_22_1-20240720,8,0.0513959817191404
THN_A_I_22_1-20240720,9,0.04835724849828379
THN_A_I_22_3-20240720,0,0.0025945487340958092
THN_A_I_22_3-20240720,10,0.02987013714849165
THN_A_I_22_3-20240720,11,0.006460413362604553
THN_A_I_22_3-20240720,12,0.2079734950592753
THN_A_I_22_3-20240720,13,0.7696650130477585
THN_A_I_22_3-20240720,14,0.23174238413252662
THN_A_I_22_3-20240720,15,0.7689166482430769
THN_A_I_22_3-20240720,16,0.0033828997570177007
THN_A_I_22_3-20240720,17,0.1162631174703907
THN_A_I_22_3-20240720,18,0.47650985350967295
THN_A_I_22_3-20240720,1,0.05715606613024578
THN_A_I_22_3-20240720,2,0.006065243645039107
THN_A_I_22_3-20240720,3,0.005755198479924574
THN_A_I_22_3-20240720,4,0.8358888637952846
THN_A_I_22_3-20240720,5,0.030011678639468888
THN_A_I_22_3-20240720,6,0.9621030805112394
THN_A_I_22_3-20240720,7,0.02230665835855011
THN_A_I_22_3-20240720,8,0.9883576535209656
THN_A_I_22_3-20240720,9,0.14853529708297622
THN_A_I_22_3-20240724,0,0.6925795345931088
THN_A_I_22_3-20240724,10,0.04018768351494003
THN_A_I_22_3-20240724,11,0.7928840344558685
THN_A_I_22_3-20240724,12,0.1827848287673891
THN_A_I_22_3-20240724,13,0.1565490288387232
THN_A_I_22_3-20240724,14,0.774549071644657
THN_A_I_22_3-20240724,15,0.30026384774354603
THN_A_I_22_3-20240724,16,0.9197247648865614
THN_A_I_22_3-20240724,17,0.022331342191739764
THN_A_I_22_3-20240724,18,0.06626293448180863
THN_A_I_22_3-20240724,19,0.12011349791500286
THN_A_I_22_3-20240724,1,0.028795814667544245
THN_A_I_22_3-20240724,20,0.9483804056430943
THN_A_I_22_3-20240724,21,0.016088709207080044
THN_A_I_22_3-20240724,22,0.05385952601764824
THN_A_I_22_3-20240724,2,0.1017546191996259
THN_A_I_22_3-20240724,3,0.5113307979981033
THN_A_I_22_3-20240724,4,0.06909723786060884
THN_A_I_22_3-20240724,5,0.06000997123673827
THN_A_I_22_3-20240724,6,0.04440566417986137
THN_A_I_22_3-20240724,7,0.7419017012180724
THN_A_I_22_3-20240724,8,0.014206123295599718
THN_A_I_22_3-20240724,9,0.8613307391132631
THN_B_I_15_1-20240720,0,0.9796905779212974
THN_B_I_15_1-20240720,10,0.07097014141369831
THN_B_I_15_1-20240720,11,0.09809187157078397
THN_B_I_15_1-20240720,12,0.6623242005001859
THN_B_I_15_1-20240720,13,0.11511056981995377
THN_B_I_15_1-20240720,14,0.877550784141634
THN_B_I_15_1-20240720,15,0.6768036903085056
THN_B_I_15_1-20240720,16,0.18309318952181533
THN_B_I_15_1-20240720,17,0.03703769425799201
THN_B_I_15_1-20240720,18,0.7955694760538263
THN_B_I_15_1-20240720,19,0.1808928273403726
THN_B_I_15_1-20240720,1,0.21951750264653175
THN_B_I_15_1-20240720,20,0.8732487405849353
THN_B_I_15_1-20240720,21,0.8978092119445649
THN_B_I_15_1-20240720,22,0.8981161761961022
THN_B_I_15_1-20240720,23,0.16931322622734357
THN_B_I_15_1-20240720,24,0.5354107211505934
THN_B_I_15_1-20240720,25,0.07708797151269264
THN_B_I_15_1-20240720,26,0.7513199319856446
THN_B_I_15_1-20240720,27,0.026576034478975972
THN_B_I_15_1-20240720,28,0.512145302135928
THN_B_I_15_1-20240720,29,0.19171936033660505
THN_B_I_15_1-20240720,2,0.5788647792527355
THN_B_I_15_1-20240720,30,0.023156776676916502
THN_B_I_15_1-20240720,31,0.07698342496818465
THN_B_I_15_1-20240720,32,0.49571864475067134
THN_B_I_15_1-20240720,3,0.02351147504949758
THN_B_I_15_1-20240720,4,0.05486000547644617
THN_B_I_15_1-20240720,5,0.012642950987697864
THN_B_I_15_1-20240720,6,0.18780000935124638
THN_B_I_15_1-20240720,7,0.28471185875814714
THN_B_I_15_1-20240720,8,0.04253013181349892
THN_B_I_15_1-20240720,9,0.05472268521045682
THN_B_I_15_5-20240726,0,0.6734517221101186
THN_B_I_15_5-20240726,10,0.8003978284180158
THN_B_I_15_5-20240726,11,0.5225010886333464
THN_B_I_15_5-20240726,12,0.6678539024497078
THN_B_I_15_5-20240726,13,0.2514272399179598
THN_B_I_15_5-20240726,14,0.14953739909698932
THN_B_I_15_5-20240726,15,0.9040493280067654
THN_B_I_15_5-20240726,16,0.8662964606790012
THN_B_I_15_5-20240726,17,0.9472594161717129
THN_B_I_15_5-20240726,18,0.8232929506460245
THN_B_I_15_5-20240726,19,0.8816050695280894
THN_B_I_15_5-20240726,1,0.9897597943543971
THN_B_I_15_5-20240726,20,0.29882589921265984
THN_B_I_15_5-20240726,21,0.11435883494110526
THN_B_I_15_5-20240726,22,0.9237016614243369
THN_B_I_15_5-20240726,23,0.10228709624702215
THN_B_I_15_5-20240726,24,0.4321088105078802
THN_B_I_15_5-20240726,25,0.47487989215630955
THN_B_I_15_5-20240726,2,0.5312564790989304
THN_B_I_15_5-20240726,3,0.5657356614963818
THN_B_I_15_5-20240726,4,0.61870314458799
THN_B_I_15_5-20240726,5,0.8422354508544465
THN_B_I_15_5-20240726,6,0.408376467605458
THN_B_I_15_5-20240726,7,0.3628625369623992
THN_B_I_15_5-20240726,8,0.5739044075248673
THN_B_I_15_5-20240726,9,0.8713063981872149
THN_B_I_22_2-20240720,0,0.9869075571130546
THN_B_I_22_2-20240720,10,0.06788261544628078
THN_B_I_22_2-20240720,11,0.9742791058691267
THN_B_I_22_2-20240720,12,0.1246041169174731
THN_B_I_22_2-20240720,13,0.43611538999297766
THN_B_I_22_2-20240720,14,0.11737288797279384
THN_B_I_22_2-20240720,15,0.725142215975711
THN_B_I_22_2-20240720,1,0.011236667958361393
THN_B_I_22_2-20240720,2,0.05298144507341841
THN_B_I_22_2-20240720,3,0.07026416920522623
THN_B_I_22_2-20240720,4,0.7438567678071569
THN_B_I_22_2-20240720,5,0.09824781452229131
THN_B_I_22_2-20240720,6,0.4697543706580067
THN_B_I_22_2-20240720,7,0.061331378139210316
THN_B_I_22_2-20240720,8,0.03898947968759633
THN_B_I_22_2-20240720,9,0.24684446004272667
THN_B_U_15_1-20240717,0,0.06032164667023984
THN_B_U_15_1-20240717,10,0.020029003663379886
THN_B_U_15_1-20240717,11,0.07945081000101818
THN_B_U_15_1-20240717,12,0.030824027824192027
THN_B_U_15_1-20240717,13,0.02443771062848067
THN_B_U_15_1-20240717,14,0.059882924262034246
THN_B_U_15_1-20240717,15,0.048018014003288645
THN_B_U_15_1-20240717,16,0.05726958139118831
THN_B_U_15_1-20240717,17,0.10101574419565428
THN_B_U_15_1-20240717,18,0.09119082772132489
THN_B_U_15_1-20240717,19,0.11201242640534072
THN_B_U_15_1-20240717,1,0.01031739913725988
THN_B_U_15_1-20240717,20,0.07199147384936559
THN_B_U_15_1-20240717,21,0.05980740501510412
THN_B_U_15_1-20240717,22,0.0036888282521709303
THN_B_U_15_1-20240717,23,0.018342261729222684
THN_B_U_15_1-20240717,24,0.061327496995600195
THN_B_U_15_1-20240717,25,0.09173728371935828
THN_B_U_15_1-20240717,2,0.0849403566389191
THN_B_U_15_1-20240717,3,0.030013522788765665
THN_B_U_15_1-20240717,4,0.1193827574808298
THN_B_U_15_1-20240717,5,0.2847205867660447
THN_B_U_15_1-20240717,6,0.04594867908709511
THN_B_U_15_1-20240717,7,0.030653269392565
THN_B_U_15_1-20240717,8,0.027194710427910492
THN_B_U_15_1-20240717,9,0.062049314402141086
THN_B_U_15_2-20240717,0,0.09252600037937549
THN_B_U_15_2-20240717,10,0.022080550832427437
THN_B_U_15_2-20240717,11,0.005730009552309322
THN_B_U_15_2-20240717,12,0.0056367682103849424
THN_B_U_15_2-20240717,13,0.1027760063083465
THN_B_U_15_2-20240717,1,0.7389591091691609
THN_B_U_15_2-20240717,2,0.15871210081946566
THN_B_U_15_2-20240717,3,0.13595712910765032
THN_B_U_15_2-20240717,4,0.0011406189026282717
THN_B_U_15_2-20240717,5,0.07047857455700934
THN_B_U_15_2-20240717,6,0.2135508495532192
THN_B_U_15_2-20240717,7,0.07898996353515872
THN_B_U_15_2-20240717,8,0.014877770984620032
THN_B_U_15_2-20240717,9,0.09398976398515711
THN_B_U_15_3-20240717,0,0.04124655052197655
THN_B_U_15_3-20240717,10,0.024813040118836654
THN_B_U_15_3-20240717,11,0.03696326702936549
THN_B_U_15_3-20240717,12,0.03891695961689787
THN_B_U_15_3-20240717,13,0.029575380026020073
THN_B_U_15_3-20240717,14,0.024342395980149662
THN_B_U_15_3-20240717,15,0.010210026529315547
THN_B_U_15_3-20240717,16,0.30118202447726933
THN_B_U_15_3-20240717,1,0.17229704623935466
THN_B_U_15_3-20240717,2,0.16229317077409766
THN_B_U_15_3-20240717,3,0.07706085617612406
THN_B_U_15_3-20240717,4,0.14201584388281951
THN_B_U_15_3-20240717,5,0.01457341881084585
THN_B_U_15_3-20240717,6,0.020875149287100003
THN_B_U_15_3-20240717,7,0.03469709376192576
THN_B_U_15_3-20240717,8,0.28388512124474413
THN_B_U_15_3-20240717,9,0.0018826086492827964
THN_B_U_15_4-20240717,0,0.015222885839350584
THN_B_U_15_4-20240717,10,0.04549901564047244
THN_B_U_15_4-20240717,1,0.013466008269223433
THN_B_U_15_4-20240717,2,0.1454054001558074
THN_B_U_15_4-20240717,3,0.08543392208366755
THN_B_U_15_4-20240717,4,0.015833218966792476
THN_B_U_15_4-20240717,5,0.1477812032672184
THN_B_U_15_4-20240717,6,0.016392444182767488
THN_B_U_15_4-20240717,7,0.33900132817895906
THN_B_U_15_4-20240717,8,0.042351936682187646
THN_B_U_15_4-20240717,9,0.03662646327885995
THN_C_I_15_1-20240720,0,0.48372357178247277
THN_C_I_15_1-20240720,10,0.01573179565384239
THN_C_I_15_1-20240720,11,0.03235224282469087
THN_C_I_15_1-20240720,12,0.9397445552734625
THN_C_I_15_1-20240720,13,0.18646429120888686
THN_C_I_15_1-20240720,14,0.6590305852463378
THN_C_I_15_1-20240720,1,0.13075104386069886
THN_C_I_15_1-20240720,2,0.00583794100990476
THN_C_I_15_1-20240720,3,0.05030968920882635
THN_C_I_15_1-20240720,4,0.03964868754637416
THN_C_I_15_1-20240720,5,0.053531361784189324
THN_C_I_15_1-20240720,6,0.08507379104964147
THN_C_I_15_1-20240720,7,0.034214948880215874
THN_C_I_15_1-20240720,8,0.047912955197162314
THN_C_I_15_1-20240720,9,0.452433551882441
THN_C_I_15_3-20240724,0,0.8295317407929097
THN_C_I_15_3-20240724,10,0.44074877072386526
THN_C_I_15_3-20240724,11,0.28410629256311537
THN_C_I_15_3-20240724,12,0.16476865394725296
THN_C_I_15_3-20240724,13,0.33603399042865406
THN_C_I_15_3-20240724,14,0.11244136776619322
THN_C_I_15_3-20240724,15,0.10417751758323415
THN_C_I_15_3-20240724,16,0.26434074326172213
THN_C_I_15_3-20240724,17,0.20675806847196532
THN_C_I_15_3-20240724,18,0.5116245657696605
THN_C_I_15_3-20240724,19,0.9583486189797882
THN_C_I_15_3-20240724,1,0.8303108742841998
THN_C_I_15_3-20240724,20,0.8838673955012754
THN_C_I_15_3-20240724,21,0.10181361745565565
THN_C_I_15_3-20240724,22,0.8738021892563755
THN_C_I_15_3-20240724,23,0.2545227978351842
THN_C_I_15_3-20240724,24,0.2938339352759148
THN_C_I_15_3-20240724,25,0.2903492260593197
THN_C_I_15_3-20240724,26,0.5232613059905921
THN_C_I_15_3-20240724,27,0.156067131976295
THN_C_I_15_3-20240724,28,0.08895242465984023
THN_C_I_15_3-20240724,29,0.7352344422729171
THN_C_I_15_3-20240724,2,0.4904207433628534
THN_C_I_15_3-20240724,30,0.17142856980581933
THN_C_I_15_3-20240724,31,0.6448055291497016
THN_C_I_15_3-20240724,32,0.9021043549979606
THN_C_I_15_3-20240724,33,0.9396180400555239
THN_C_I_15_3-20240724,34,0.2184212398446985
THN_C_I_15_3-20240724,35,0.5439326854368037
THN_C_I_15_3-20240724,3,0.4597075091287741
THN_C_I_15_3-20240724,4,0.1967882693110094
THN_C_I_15_3-20240724,5,0.922623135681696
THN_C_I_15_3-20240724,6,0.2795127184716753
THN_C_I_15_3-20240724,7,0.3149661562194923
THN_C_I_15_3-20240724,8,0.9011977902492889
THN_C_I_15_3-20240724,9,0.26155324841951366
THN_C_I_15_4-20240720,0,0.05108607622974283
THN_C_I_15_4-20240720,10,0.033024254296281905
THN_C_I_15_4-20240720,11,0.16782333774232042
THN_C_I_15_4-20240720,12,0.03664355157905817
THN_C_I_15_4-20240720,13,0.06729552931886675
THN_C_I_15_4-20240720,14,0.052377897019369735
THN_C_I_15_4-20240720,15,0.07860011320937586
THN_C_I_15_4-20240720,16,0.029667072837118082
THN_C_I_15_4-20240720,17,0.004902413293871687
THN_C_I_15_4-20240720,18,0.08840580838182197
THN_C_I_15_4-20240720,19,0.3952128036639915
THN_C_I_15_4-20240720,1,0.10822019832927095
THN_C_I_15_4-20240720,20,0.04521975481316825
THN_C_I_15_4-20240720,21,0.2691998681970368
THN_C_I_15_4-20240720,22,0.17415703972397112
THN_C_I_15_4-20240720,23,0.014385545674161462
THN_C_I_15_4-20240720,24,0.027867484589773568
THN_C_I_15_4-20240720,25,0.02004204977984584
THN_C_I_15_4-20240720,26,0.8663715048936776
THN_C_I_15_4-20240720,27,0.9707708450437107
THN_C_I_15_4-20240720,28,0.7480945853674441
THN_C_I_15_4-20240720,29,0.038637291038681784
THN_C_I_15_4-20240720,2,0.5789504826533569
THN_C_I_15_4-20240720,30,0.49650203089778805
THN_C_I_15_4-20240720,31,0.03268765221418716
THN_C_I_15_4-20240720,32,0.0021424479816414166
THN_C_I_15_4-20240720,33,0.06289834852009774
THN_C_I_15_4-20240720,34,0.014537962139075907
THN_C_I_15_4-20240720,35,0.03487810567144265
THN_C_I_15_4-20240720,36,0.7948730567234548
THN_C_I_15_4-20240720,37,0.04331853729245787
THN_C_I_15_4-20240720,38,0.0002287297297633569
THN_C_I_15_4-20240720,39,0.0
THN_C_I_15_4-20240720,3,0.17299262374310598
THN_C_I_15_4-20240720,40,0.011130309068790476
THN_C_I_15_4-20240720,4,0.11908585413545927
THN_C_I_15_4-20240720,5,0.4094693705745003
THN_C_I_15_4-20240720,6,0.5073506476230141
THN_C_I_15_4-20240720,7,0.14117064691004985
THN_C_I_15_4-20240720,8,0.005889401145179572
THN_C_I_15_4-20240720,9,0.9770261965670792
THN_C_I_22_1-20240717,0,0.012705382073320738
THN_C_I_22_1-20240717,10,0.024248344308952344
THN_C_I_22_1-20240717,11,0.052952872070392044
THN_C_I_22_1-20240717,12,0.06194295705610933
THN_C_I_22_1-20240717,13,0.05907209298072262
THN_C_I_22_1-20240717,14,0.04638623874397777
THN_C_I_22_1-20240717,15,0.018178657765324468
THN_C_I_22_1-20240717,1,0.020273032867092134
THN_C_I_22_1-20240717,2,0.626530353032334
THN_C_I_22_1-20240717,3,0.054961178618070185
THN_C_I_22_1-20240717,4,0.07047171633952062
THN_C_I_22_1-20240717,5,0.058286374065092184
THN_C_I_22_1-20240717,6,0.060852245972261354
THN_C_I_22_1-20240717,7,0.06403129745742123
THN_C_I_22_1-20240717,8,0.03205981142816269
THN_C_I_22_1-20240717,9,0.016236680835405397
THN_C_I_22_2-20240720,0,0.053408907637094154
THN_C_I_22_2-20240720,10,0.015174600829723418
THN_C_I_22_2-20240720,11,0.004528910451568975
THN_C_I_22_2-20240720,1,0.05301923711921
THN_C_I_22_2-20240720,2,0.02083236364338468
THN_C_I_22_2-20240720,3,0.01945413845018679
THN_C_I_22_2-20240720,4,0.06545212384460684
THN_C_I_22_2-20240720,5,0.22892803693034375
THN_C_I_22_2-20240720,6,0.027540790315254384
THN_C_I_22_2-20240720,7,0.39582381142447
THN_C_I_22_2-20240720,8,0.05072227507016082
THN_C_I_22_2-20240720,9,0.16795492692217776
THN_C_I_22_3-20240717,0,0.022852521940793066
THN_C_I_22_3-20240717,10,0.04057786059075168
THN_C_I_22_3-20240717,11,0.020755972927523382
THN_C_I_22_3-20240717,12,0.025680584538349455
THN_C_I_22_3-20240717,1,0.027804549462849753
THN_C_I_22_3-20240717,2,0.08653360186591018
THN_C_I_22_3-20240717,3,0.06739508796048847
THN_C_I_22_3-20240717,4,0.08193389045233433
THN_C_I_22_3-20240717,5,0.05685167081101727
THN_C_I_22_3-20240717,6,0.05046055394986114
THN_C_I_22_3-20240717,7,0.2570334500913051
THN_C_I_22_3-20240717,8,0.02168569416002643
THN_C_I_22_3-20240717,9,0.0398121760069308
THN_C_I_22_5-20240717,0,0.03212169846649306
THN_C_I_22_5-20240717,10,0.013151577361924084
THN_C_I_22_5-20240717,11,0.3418855647320211
THN_C_I_22_5-20240717,12,0.033125469372677116
THN_C_I_22_5-20240717,13,0.18464014869665588
THN_C_I_22_5-20240717,14,0.006164188325035367
THN_C_I_22_5-20240717,15,0.021748118467256407
THN_C_I_22_5-20240717,16,0.28479227262557516
THN_C_I_22_5-20240717,17,0.04994199521942322
THN_C_I_22_5-20240717,18,0.7061019308209832
THN_C_I_22_5-20240717,1,0.04424730950538998
THN_C_I_22_5-20240717,2,0.03341546583360546
THN_C_I_22_5-20240717,3,0.013835145497516728
THN_C_I_22_5-20240717,4,0.0034429670511465413
THN_C_I_22_5-20240717,5,0.05189947480982108
THN_C_I_22_5-20240717,6,0.059544053289993175
THN_C_I_22_5-20240717,7,0.041908056585165894
THN_C_I_22_5-20240717,8,0.0420124175418951
THN_C_I_22_5-20240717,9,0.14801465432828384
THN_C_U_15_1-20240717,0,0.05255540288657273
THN_C_U_15_1-20240717,10,0.18279285952787142
THN_C_U_15_1-20240717,11,0.11719796974931107
THN_C_U_15_1-20240717,12,0.022296667886143446
THN_C_U_15_1-20240717,13,0.05879602906989453
THN_C_U_15_1-20240717,14,0.0707102158042367
THN_C_U_15_1-20240717,15,0.14333701699529106
THN_C_U_15_1-20240717,16,0.2654089021049081
THN_C_U_15_1-20240717,17,0.17045374850836037
THN_C_U_15_1-20240717,18,0.0
THN_C_U_15_1-20240717,19,0.11764816141511397
THN_C_U_15_1-20240717,1,0.01846492655101713
THN_C_U_15_1-20240717,20,0.12638282028750217
THN_C_U_15_1-20240717,21,0.4762974882329977
THN_C_U_15_1-20240717,22,0.002964158529232418
THN_C_U_15_1-20240717,23,0.01224841326405498
THN_C_U_15_1-20240717,24,0.05348218673577479
THN_C_U_15_1-20240717,25,0.054482577817491974
THN_C_U_15_1-20240717,26,0.2286117913381585
THN_C_U_15_1-20240717,27,0.20636994788388538
THN_C_U_15_1-20240717,2,0.06190620227736342
THN_C_U_15_1-20240717,3,0.055482916215011585
THN_C_U_15_1-20240717,4,0.05021255074400202
THN_C_U_15_1-20240717,5,0.5680872404816425
THN_C_U_15_1-20240717,6,0.16659302981521046
THN_C_U_15_1-20240717,7,0.30082509708478483
THN_C_U_15_1-20240717,8,0.3339310540051767
THN_C_U_15_1-20240717,9,0.2382996925971858
THN_C_U_15_3-20240717,0,0.03019620726339265
THN_C_U_15_3-20240717,10,0.23870156627393682
THN_C_U_15_3-20240717,11,0.05872417619814876
THN_C_U_15_3-20240717,12,0.045952219466712046
THN_C_U_15_3-20240717,13,0.06314527096003333
THN_C_U_15_3-20240717,14,0.0018260195428756393
THN_C_U_15_3-20240717,15,0.040567337806871
THN_C_U_15_3-20240717,16,0.11873688556711859
THN_C_U_15_3-20240717,17,0.09288057702900276
THN_C_U_15_3-20240717,18,0.2361822341549597
THN_C_U_15_3-20240717,19,0.997943245102328
THN_C_U_15_3-20240717,1,0.003041831243752685
THN_C_U_15_3-20240717,20,0.03749330862740866
THN_C_U_15_3-20240717,21,0.031623212713812514
THN_C_U_15_3-20240717,22,0.15168115322854125
THN_C_U_15_3-20240717,23,0.05234965215894321
THN_C_U_15_3-20240717,24,0.03173031501588896
THN_C_U_15_3-20240717,25,0.07230351408765487
THN_C_U_15_3-20240717,26,0.1079825933900336
THN_C_U_15_3-20240717,27,0.025559841472601756
THN_C_U_15_3-20240717,28,0.32823843626913135
THN_C_U_15_3-20240717,29,0.35802838668882864
THN_C_U_15_3-20240717,2,0.06337276549194973
THN_C_U_15_3-20240717,30,0.3455755521667624
THN_C_U_15_3-20240717,31,0.32408388804062843
THN_C_U_15_3-20240717,3,0.06481156038930079
THN_C_U_15_3-20240717,4,0.10182140703743085
THN_C_U_15_3-20240717,5,0.024418307222168808
THN_C_U_15_3-20240717,6,0.009186757080686277
THN_C_U_15_3-20240717,7,0.24605841065281672
THN_C_U_15_3-20240717,8,0.21443624629264957
THN_C_U_15_3-20240717,9,0.11887712417133439
THN_C_U_22_5-20240717,0,0.2013380412493821
THN_C_U_22_5-20240717,10,0.1738559363853248
THN_C_U_22_5-20240717,11,0.003101228171267212
THN_C_U_22_5-20240717,12,0.1469865453983318
THN_C_U_22_5-20240717,13,0.059074002455052954
THN_C_U_22_5-20240717,14,0.015482341466626864
THN_C_U_22_5-20240717,15,0.0
THN_C_U_22_5-20240717,1,0.010580110195977533
THN_C_U_22_5-20240717,2,0.23929554512968862
THN_C_U_22_5-20240717,3,0.2144312157073198
THN_C_U_22_5-20240717,4,0.02288658689049689
THN_C_U_22_5-20240717,5,0.13542633999137682
THN_C_U_22_5-20240717,6,0.00352975211861472
THN_C_U_22_5-20240717,7,0.02736966457325943
THN_C_U_22_5-20240717,8,0.11898753174225646
THN_C_U_22_5-20240717,9,0.014983523478080343
THN_STARTER_1-20240716,0,0.47968944786370177
THN_STARTER_1-20240716,10,0.7239290184223915
THN_STARTER_1-20240716,11,0.9521909902553426
THN_STARTER_1-20240716,12,0.25601860732277043
THN_STARTER_1-20240716,13,0.5496981948646423
THN_STARTER_1-20240716,14,0.4543999472550052
THN_STARTER_1-20240716,15,0.4794174571533591
THN_STARTER_1-20240716,16,0.3689756961638962
THN_STARTER_1-20240716,17,0.24592787869978996
THN_STARTER_1-20240716,18,0.5799089146531584
THN_STARTER_1-20240716,19,0.42463991387448313
THN_STARTER_1-20240716,1,0.4227886753602805
THN_STARTER_1-20240716,20,0.7798010776183563
THN_STARTER_1-20240716,21,0.13486308825786938
THN_STARTER_1-20240716,22,0.37659108661364904
THN_STARTER_1-20240716,23,0.35017992705515033
THN_STARTER_1-20240716,24,0.45713280707953
THN_STARTER_1-20240716,25,0.4796448414809621
THN_STARTER_1-20240716,26,0.40641317739471416
THN_STARTER_1-20240716,2,0.3423328961112144
THN_STARTER_1-20240716,3,0.5037256507691007
THN_STARTER_1-20240716,4,0.49135984691431484
THN_STARTER_1-20240716,5,0.5525436715425509
THN_STARTER_1-20240716,6,0.28535470741757435
THN_STARTER_1-20240716,7,0.8839013928850483
THN_STARTER_1-20240716,8,0.28518949023523943
THN_STARTER_1-20240716,9,0.5428674007295028
THN_Starter_2-20240711,0,0.9412277870339097
THN_Starter_2-20240711,10,0.3388809915042769
THN_Starter_2-20240711,11,0.263294368825727
THN_Starter_2-20240711,12,0.07401293630889143
THN_Starter_2-20240711,13,0.2938173949011114
THN_Starter_2-20240711,14,0.9679376977256985
THN_Starter_2-20240711,15,0.9829832531906103
THN_Starter_2-20240711,16,0.4678811555056286
THN_Starter_2-20240711,17,0.2600126303121902
THN_Starter_2-20240711,18,0.8061406990266965
THN_Starter_2-20240711,19,0.9446097878302981
THN_Starter_2-20240711,1,0.93228371169751
THN_Starter_2-20240711,20,0.9275592272802103
THN_Starter_2-20240711,21,0.09775481030013382
THN_Starter_2-20240711,22,0.0936890324118399
THN_Starter_2-20240711,23,0.21571362116256573
THN_Starter_2-20240711,24,0.31574725237660184
THN_Starter_2-20240711,25,0.9915463639661221
THN_Starter_2-20240711,26,0.9318996443417435
THN_Starter_2-20240711,2,0.6750254688454498
THN_Starter_2-20240711,3,0.15374636304588132
THN_Starter_2-20240711,4,0.20132296992999119
THN_Starter_2-20240711,5,0.33191226860069806
THN_Starter_2-20240711,6,0.05184647961125168
THN_Starter_2-20240711,7,0.08839984687485712
THN_Starter_2-20240711,8,0.015227657318393931
THN_Starter_2-20240711,9,0.21615284988174127
THN_STARTER_4-20240716,0,0.8603154091709122
THN_STARTER_4-20240716,10,0.8749526519497475
THN_STARTER_4-20240716,11,0.43685846012896223
THN_STARTER_4-20240716,12,0.7787190586508075
THN_STARTER_4-20240716,13,0.4792873946988673
THN_STARTER_4-20240716,14,0.7955789928785507
THN_STARTER_4-20240716,15,0.4492356141596594
THN_STARTER_4-20240716,16,0.1971301060735894
THN_STARTER_4-20240716,17,0.24855055585374855
THN_STARTER_4-20240716,18,0.5048388029789803
THN_STARTER_4-20240716,19,0.5059012034617479
THN_STARTER_4-20240716,1,0.27218622798670306
THN_STARTER_4-20240716,20,0.8417775451199283
THN_STARTER_4-20240716,21,0.43104277507468125
THN_STARTER_4-20240716,22,0.3268203063092631
THN_STARTER_4-20240716,23,0.4301848258084733
THN_STARTER_4-20240716,24,0.7729860787875596
THN_STARTER_4-20240716,25,0.371693105992316
THN_STARTER_4-20240716,26,0.5206119171958342
THN_STARTER_4-20240716,27,0.8096579623157176
THN_STARTER_4-20240716,28,0.4879641790576979
THN_STARTER_4-20240716,29,0.5139935764700225
THN_STARTER_4-20240716,2,0.6995097238420213
THN_STARTER_4-20240716,30,0.3217370095970648
THN_STARTER_4-20240716,31,0.4706438598771897
THN_STARTER_4-20240716,32,0.4842440779409423
THN_STARTER_4-20240716,3,0.4048663747802914
THN_STARTER_4-20240716,4,0.3675206711441832
THN_STARTER_4-20240716,5,0.6611813328179311
THN_STARTER_4-20240716,6,0.23373659450745493
THN_STARTER_4-20240716,7,0.38415784826302835
THN_STARTER_4-20240716,8,0.23945527542966963
THN_STARTER_4-20240716,9,0.45786582258050706
THN_Starter_5-20240711,0,0.013549320828789867
THN_Starter_5-20240711,10,0.6793940730376036
THN_Starter_5-20240711,11,0.3015046256462775
THN_Starter_5-20240711,12,0.5351840131493993
THN_Starter_5-20240711,13,0.9650505504637054
THN_Starter_5-20240711,14,0.6522362412709056
THN_Starter_5-20240711,15,0.9700768272034189
THN_Starter_5-20240711,16,0.4758336338304636
THN_Starter_5-20240711,17,0.4740285627711294
THN_Starter_5-20240711,18,0.1520119371930239
THN_Starter_5-20240711,19,0.2946141501518809
THN_Starter_5-20240711,1,0.08922604286068603
THN_Starter_5-20240711,20,0.31008161861797123
THN_Starter_5-20240711,21,0.8031799686103805
THN_Starter_5-20240711,22,0.16641193420469752
THN_Starter_5-20240711,23,0.0817363715486591
THN_Starter_5-20240711,24,0.28280358611428746
THN_Starter_5-20240711,25,0.07353577111707053
THN_Starter_5-20240711,26,0.12498986783017114
THN_Starter_5-20240711,27,0.029257664484999918
THN_Starter_5-20240711,28,0.2208685629971872
THN_Starter_5-20240711,29,0.007042128066254159
THN_Starter_5-20240711,2,0.2542666539165735
THN_Starter_5-20240711,30,0.03421060288141889
THN_Starter_5-20240711,3,0.9506851346718649
THN_Starter_5-20240711,4,0.06861812596049852
THN_Starter_5-20240711,5,0.0153124452209695
THN_Starter_5-20240711,6,0.21070709331554285
THN_Starter_5-20240711,7,0.3137132382513375
THN_Starter_5-20240711,8,0.16666892246611792
THN_Starter_5-20240711,9,0.801781842607557
