Cell_Number,R_Area,B_Area,BR_Ratio,Prop_Infected,Cell_Source,Unique_id,Status,F1,Og_Manual_Match,Manual_Match
1,930750,0,0,0,AS_A_I_15_4-20240720,AS_A_I_15_4-20240720_1,uninfected,TP,AS_A_I_15_4-20240720_1,AS_A_I_15_4-20240720_1
2,1080945,0,0,0,AS_A_I_15_4-20240720,AS_A_I_15_4-20240720_2,uninfected,TP,AS_A_I_15_4-20240720_5,AS_A_I_15_4-20240720_5
3,570945,50490,0.088432336,0.081247435,AS_A_I_15_4-20240720,AS_A_I_15_4-20240720_3,uninfected,TP,AS_A_I_15_4-20240720_7,AS_A_I_15_4-20240720_7
4,430695,168045,0.3901716992303138,0.280664395,AS_A_I_15_4-20240720,AS_A_I_15_4-20240720_4,early_infected,TP,AS_A_I_15_4-20240720_12,AS_A_I_15_4-20240720_12
5,834870,643620,0.7709224190592547,0.4353225250086237,AS_A_I_15_4-20240720,AS_A_I_15_4-20240720_5,early_infected,TP,AS_A_I_15_4-20240720_27,AS_A_I_15_4-20240720_27
6,621690,0,0,0,AS_A_I_15_4-20240720,AS_A_I_15_4-20240720_6,uninfected,FP,NA/5,NA
7,587010,97665,0.16637706342311034,0.14264432029795157,AS_A_I_15_4-20240720,AS_A_I_15_4-20240720_7,uninfected,TP,AS_A_I_15_4-20240720_21,AS_A_I_15_4-20240720_21
8,189465,499800,2.6379542395693134,0.7251202367739549,AS_A_I_15_4-20240720,AS_A_I_15_4-20240720_8,late_infected,TP,AS_A_I_15_4-20240720_18,AS_A_I_15_4-20240720_18
9,255,584970,2294,0.9995642701525056,AS_A_I_15_4-20240720,AS_A_I_15_4-20240720_9,dead,TP,AS_A_I_15_4-20240720_13,AS_A_I_15_4-20240720_13
10,154275,457215,2.963636363636364,0.7477064220183486,AS_A_I_15_4-20240720,AS_A_I_15_4-20240720_10,late_infected,TP,AS_A_I_15_4-20240720_25,AS_A_I_15_4-20240720_25
1,1093695,0,0,0,AS_A_I_22_4-20240718,AS_A_I_22_4-20240718_1,uninfected,FP,AS_A_I_22_4-20240718_9,AS_A_I_22_4-20240718_9
2,1688610,0,0,0,AS_A_I_22_4-20240718,AS_A_I_22_4-20240718_2,uninfected,TP,AS_A_I_22_4-20240718_12,AS_A_I_22_4-20240718_12
3,1204110,0,0,0,AS_A_I_22_4-20240718,AS_A_I_22_4-20240718_3,uninfected,TP,AS_A_I_22_4-20240718_14,AS_A_I_22_4-20240718_14
4,1290300,92565,0.07173913,0.06693712,AS_A_I_22_4-20240718,AS_A_I_22_4-20240718_4,uninfected,TP,AS_A_I_22_4-20240718_8,AS_A_I_22_4-20240718_8
5,1217370,0,0,0,AS_A_I_22_4-20240718,AS_A_I_22_4-20240718_5,uninfected,FP,NA/12,NA
6,872865,372555,0.4268185801928133,0.29914004914004916,AS_A_I_22_4-20240718,AS_A_I_22_4-20240718_6,early_infected,TP,AS_A_I_22_4-20240718_1,AS_A_I_22_4-20240718_1
7,197370,576555,2.921188630490956,0.7449752883031302,AS_A_I_22_4-20240718,AS_A_I_22_4-20240718_7,late_infected,TP,AS_A_I_22_4-20240718_3,AS_A_I_22_4-20240718_3
8,475065,63240,0.13311862587224907,0.11747986736144007,AS_A_I_22_4-20240718,AS_A_I_22_4-20240718_8,uninfected,FP,NA,NA
9,828495,0,0,0,AS_A_I_22_4-20240718,AS_A_I_22_4-20240718_9,uninfected,TP,AS_A_I_22_4-20240718_15,AS_A_I_22_4-20240718_15
10,757350,20400,0.026936027,0.026229508,AS_A_I_22_4-20240718,AS_A_I_22_4-20240718_10,uninfected,TP,AS_A_I_22_4-20240718_6,AS_A_I_22_4-20240718_6
11,953955,255,2.6730820636193e-4,2.6723677177979e-4,AS_A_I_22_4-20240718,AS_A_I_22_4-20240718_11,uninfected,FP,NA,NA
12,748170,79050,0.1056578050443081,0.095561036,AS_A_I_22_4-20240718,AS_A_I_22_4-20240718_12,uninfected,FP,NA/1,NA
13,723945,0,0,0,AS_A_I_22_4-20240718,AS_A_I_22_4-20240718_13,uninfected,FP,NA,NA
14,755565,157080,0.20789740128248396,0.17211511595417714,AS_A_I_22_4-20240718,AS_A_I_22_4-20240718_14,uninfected,FP,NA/8,NA
15,771375,0,0,0,AS_A_I_22_4-20240718,AS_A_I_22_4-20240718_15,uninfected,TP,NA,NA
16,706860,0,0,0,AS_A_I_22_4-20240718,AS_A_I_22_4-20240718_16,uninfected,FP,NA,NA
17,552330,0,0,0,AS_A_I_22_4-20240718,AS_A_I_22_4-20240718_17,uninfected,FP,NA/15,NA
18,652035,0,0,0,AS_A_I_22_4-20240718,AS_A_I_22_4-20240718_18,uninfected,FP,NA,NA
19,486285,0,0,0,AS_A_I_22_4-20240718,AS_A_I_22_4-20240718_19,uninfected,FP,NA,NA
20,312375,75225,0.24081632653061225,0.19407894736842105,AS_A_I_22_4-20240718,AS_A_I_22_4-20240718_20,uninfected,FP,NA,NA
21,659940,7140,0.010819165,0.010703364,AS_A_I_22_4-20240718,AS_A_I_22_4-20240718_21,uninfected,TP,AS_A_I_22_4-20240718_5,AS_A_I_22_4-20240718_5
1,842010,0,0,0,AS_A_I_22_5-20240718,AS_A_I_22_5-20240718_1,uninfected,TP,AS_A_I_22_5-20240718_11,AS_A_I_22_5-20240718_11
2,872100,2805,0.003216374,0.003206062,AS_A_I_22_5-20240718,AS_A_I_22_5-20240718_2,uninfected,TP,AS_A_I_22_5-20240718_8,AS_A_I_22_5-20240718_8
3,544425,0,0,0,AS_A_I_22_5-20240718,AS_A_I_22_5-20240718_3,uninfected,FP,NA,NA
4,412080,63750,0.1547029702970297,0.1339764201500536,AS_A_I_22_5-20240718,AS_A_I_22_5-20240718_4,uninfected,FP,NA,NA
5,645405,0,0,0,AS_A_I_22_5-20240718,AS_A_I_22_5-20240718_5,uninfected,TP,AS_A_I_22_5-20240718_1,AS_A_I_22_5-20240718_1
6,727515,0,0,0,AS_A_I_22_5-20240718,AS_A_I_22_5-20240718_6,uninfected,FP,NA,NA
7,1021020,66045,0.064685315,0.060755337,AS_A_I_22_5-20240718,AS_A_I_22_5-20240718_7,uninfected,TP,AS_A_I_22_5-20240718_7,AS_A_I_22_5-20240718_7
8,372045,128775,0.3461274845784784,0.25712830957230143,AS_A_I_22_5-20240718,AS_A_I_22_5-20240718_8,early_infected,FP,NA,NA
9,516630,443190,0.857847976,0.46174282678002126,AS_A_I_22_5-20240718,AS_A_I_22_5-20240718_9,early_infected,TP,AS_A_I_22_5-20240718_4,AS_A_I_22_5-20240718_4
10,425850,255,5.9880239520958e-4,5.9844404548174e-4,AS_A_I_22_5-20240718,AS_A_I_22_5-20240718_10,uninfected,TP,AS_A_I_22_5-20240718_9,AS_A_I_22_5-20240718_9
11,669375,11220,0.016761905,0.016485575,AS_A_I_22_5-20240718,AS_A_I_22_5-20240718_11,uninfected,FP,NA/2,NA
12,458745,31875,0.069483046,0.064968815,AS_A_I_22_5-20240718,AS_A_I_22_5-20240718_12,uninfected,FP,NA,NA
13,335325,0,0,0,AS_A_I_22_5-20240718,AS_A_I_22_5-20240718_13,uninfected,TP,AS_A_I_22_5-20240718_12,AS_A_I_22_5-20240718_12
14,753015,0,0,0,AS_A_I_22_5-20240718,AS_A_I_22_5-20240718_14,uninfected,TP,AS_A_I_22_5-20240718_5,AS_A_I_22_5-20240718_5
15,964920,255,2.6427061310782e-4,2.6420079260237e-4,AS_A_I_22_5-20240718,AS_A_I_22_5-20240718_15,uninfected,FP,NA/1,NA
16,389385,19635,0.050425671,0.048004988,AS_A_I_22_5-20240718,AS_A_I_22_5-20240718_16,uninfected,FP,NA,NA
17,911625,0,0,0,AS_A_I_22_5-20240718,AS_A_I_22_5-20240718_17,uninfected,TP,AS_A_I_22_5-20240718_6,AS_A_I_22_5-20240718_6
1,1247970,4335,0.003473641,0.003461617,AS_B_I_15_4-20240724,AS_B_I_15_4-20240724_1,uninfected,TP,AS_B_I_15_4-20240724_16,AS_B_I_15_4-20240724_16
2,960330,338895,0.35289431757833245,0.2608439646712463,AS_B_I_15_4-20240724,AS_B_I_15_4-20240724_2,early_infected,TP,AS_B_I_15_4-20240724_7,AS_B_I_15_4-20240724_7
3,233070,386070,1.6564551422319476,0.6235584843492586,AS_B_I_15_4-20240724,AS_B_I_15_4-20240724_3,late_infected,TP,AS_B_I_15_4-20240724_21,AS_B_I_15_4-20240724_21
4,644640,189210,0.2935126582278481,0.22691131498470948,AS_B_I_15_4-20240724,AS_B_I_15_4-20240724_4,early_infected,TP,AS_B_I_15_4-20240724_5,AS_B_I_15_4-20240724_5
5,260100,850170,3.268627450980392,0.7657326596233348,AS_B_I_15_4-20240724,AS_B_I_15_4-20240724_5,late_infected,TP,AS_B_I_15_4-20240724_20,AS_B_I_15_4-20240724_20
6,1009035,47175,0.04675259,0.044664413,AS_B_I_15_4-20240724,AS_B_I_15_4-20240724_6,uninfected,TP,AS_B_I_15_4-20240724_3,AS_B_I_15_4-20240724_3
7,383775,0,0,0,AS_B_I_15_4-20240724,AS_B_I_15_4-20240724_7,uninfected,TP,AS_B_I_15_4-20240724_15,AS_B_I_15_4-20240724_15
8,1139085,143055,0.12558764271323036,0.11157517899761336,AS_B_I_15_4-20240724,AS_B_I_15_4-20240724_8,uninfected,TP,AS_B_I_15_4-20240724_3,AS_B_I_15_4-20240724_3
9,431970,663000,1.5348288075560803,0.6054960409874243,AS_B_I_15_4-20240724,AS_B_I_15_4-20240724_9,late_infected,TP,AS_B_I_15_4-20240724_9,AS_B_I_15_4-20240724_9
10,73950,635715,8.596551724137932,0.895795904,AS_B_I_15_4-20240724,AS_B_I_15_4-20240724_10,dead,TP,AS_B_I_15_4-20240724_25,AS_B_I_15_4-20240724_25
11,540600,74970,0.13867924528301886,0.12178956089478044,AS_B_I_15_4-20240724,AS_B_I_15_4-20240724_11,uninfected,TP,AS_B_I_15_4-20240724_6,AS_B_I_15_4-20240724_6
12,263160,199410,0.7577519379844961,0.4310915104740904,AS_B_I_15_4-20240724,AS_B_I_15_4-20240724_12,early_infected,FP,NA,NA
13,359295,452880,1.2604684173172462,0.5576138147566719,AS_B_I_15_4-20240724,AS_B_I_15_4-20240724_13,late_infected,TP,AS_B_I_15_4-20240724_12,AS_B_I_15_4-20240724_12
1,2058870,170595,0.082858558,0.076518358,AS_B_I_22_5-20240720,AS_B_I_22_5-20240720_1,uninfected,FP,NA/17,NA
2,1095735,145860,0.13311612753083546,0.117477922,AS_B_I_22_5-20240720,AS_B_I_22_5-20240720_2,uninfected,TP,AS_B_I_22_5-20240720_17,AS_B_I_22_5-20240720_17
3,860880,0,0,0,AS_B_I_22_5-20240720,AS_B_I_22_5-20240720_3,uninfected,TP,AS_B_I_22_5-20240720_25,AS_B_I_22_5-20240720_25
4,1341300,21420,0.015969582,0.015718563,AS_B_I_22_5-20240720,AS_B_I_22_5-20240720_4,uninfected,TP,AS_B_I_22_5-20240720_16,AS_B_I_22_5-20240720_16
5,690795,3315,0.004798819,0.0047759,AS_B_I_22_5-20240720,AS_B_I_22_5-20240720_5,uninfected,TP,AS_B_I_22_5-20240720_31,AS_B_I_22_5-20240720_31
6,1115625,847110,0.7593142857142857,0.4315967259971417,AS_B_I_22_5-20240720,AS_B_I_22_5-20240720_6,early_infected,TP,AS_B_I_22_5-20240720_18,AS_B_I_22_5-20240720_18
7,804780,25500,0.031685678,0.030712531,AS_B_I_22_5-20240720,AS_B_I_22_5-20240720_7,uninfected,TP,AS_B_I_22_5-20240720_14,AS_B_I_22_5-20240720_14
8,948600,170085,0.1793010752688172,0.15204011853202645,AS_B_I_22_5-20240720,AS_B_I_22_5-20240720_8,uninfected,TP,AS_B_I_22_5-20240720_27,AS_B_I_22_5-20240720_27
9,718335,0,0,0,AS_B_I_22_5-20240720,AS_B_I_22_5-20240720_9,uninfected,TP,AS_B_I_22_5-20240720_24,AS_B_I_22_5-20240720_24
10,953955,17595,0.018444266,0.018110236,AS_B_I_22_5-20240720,AS_B_I_22_5-20240720_10,uninfected,TP,AS_B_I_22_5-20240720_15,AS_B_I_22_5-20240720_15
11,541620,109140,0.2015065913370998,0.1677115987460815,AS_B_I_22_5-20240720,AS_B_I_22_5-20240720_11,uninfected,TP,AS_B_I_22_5-20240720_8,AS_B_I_22_5-20240720_8
12,846600,20145,0.023795181,0.02324213,AS_B_I_22_5-20240720,AS_B_I_22_5-20240720_12,uninfected,FP,NA/15,NA
1,1238790,0,0,0,AS_B_I_22_6-20240717,AS_B_I_22_6-20240717_1,uninfected,FP,NA/8,NA
2,472260,0,0,0,AS_B_I_22_6-20240717,AS_B_I_22_6-20240717_2,uninfected,TP,AS_B_I_22_6-20240717_7,AS_B_I_22_6-20240717_7
3,387345,0,0,0,AS_B_I_22_6-20240717,AS_B_I_22_6-20240717_3,uninfected,FP,NA,NA
4,409785,765,0.001866833,0.001863354,AS_B_I_22_6-20240717,AS_B_I_22_6-20240717_4,uninfected,TP,AS_B_I_22_6-20240717_6,AS_B_I_22_6-20240717_6
5,248880,193545,0.7776639344262295,0.43746397694524497,AS_B_I_22_6-20240717,AS_B_I_22_6-20240717_5,early_infected,FP,NA,NA
6,619140,345780,0.5584843492586491,0.3583509513742072,AS_B_I_22_6-20240717,AS_B_I_22_6-20240717_6,early_infected,TP,AS_B_I_22_6-20240717_3,AS_B_I_22_6-20240717_3
7,537540,0,0,0,AS_B_I_22_6-20240717,AS_B_I_22_6-20240717_7,uninfected,TP,AS_B_I_22_6-20240717_8,AS_B_I_22_6-20240717_8
8,529635,255,4.8146364949446e-4,4.8123195380173e-4,AS_B_I_22_6-20240717,AS_B_I_22_6-20240717_8,uninfected,TP,AS_B_I_22_6-20240717_1,AS_B_I_22_6-20240717_1
9,539835,0,0,0,AS_B_I_22_6-20240717,AS_B_I_22_6-20240717_9,uninfected,FP,NA,NA
10,781575,0,0,0,AS_B_I_22_6-20240717,AS_B_I_22_6-20240717_10,uninfected,FP,NA/8,NA
1,923865,123165,0.13331493237648356,0.11763273258645884,AS_B_U_15_1-20240726,AS_B_U_15_1-20240726_1,uninfected,TP,AS_B_U_15_1-20240726_17,AS_B_U_15_1-20240726_17
2,406980,1320135,3.243734335839599,0.7643584822087701,AS_B_U_15_1-20240726,AS_B_U_15_1-20240726_2,late_infected,TP,AS_B_U_15_1-20240726_4,AS_B_U_15_1-20240726_4
3,293505,532440,1.8140747176368377,0.644643408,AS_B_U_15_1-20240726,AS_B_U_15_1-20240726_3,late_infected,TP,AS_B_U_15_1-20240726_12,AS_B_U_15_1-20240726_12
4,486540,87210,0.1792452830188679,0.152,AS_B_U_15_1-20240726,AS_B_U_15_1-20240726_4,uninfected,TP,AS_B_U_15_1-20240726_19,AS_B_U_15_1-20240726_19
5,1014645,203235,0.20030158331239004,0.16687604690117253,AS_B_U_15_1-20240726,AS_B_U_15_1-20240726_5,uninfected,TP,AS_B_U_15_1-20240726_3,AS_B_U_15_1-20240726_3
6,702270,0,0,0,AS_B_U_15_1-20240726,AS_B_U_15_1-20240726_6,uninfected,TP,AS_B_U_15_1-20240726_11,AS_B_U_15_1-20240726_11
7,680595,91290,0.13413263394529787,0.11826891311529568,AS_B_U_15_1-20240726,AS_B_U_15_1-20240726_7,uninfected,TP,AS_B_U_15_1-20240726_28,AS_B_U_15_1-20240726_28
8,622455,402135,0.6460467021712413,0.3924838227974117,AS_B_U_15_1-20240726,AS_B_U_15_1-20240726_8,early_infected,TP,AS_B_U_15_1-20240726_22,AS_B_U_15_1-20240726_22
9,481185,196095,0.4075251722310546,0.2895331325301205,AS_B_U_15_1-20240726,AS_B_U_15_1-20240726_9,early_infected,TP,AS_B_U_15_1-20240726_3,AS_B_U_15_1-20240726_3
10,479655,53040,0.11057947900053164,0.099569172,AS_B_U_15_1-20240726,AS_B_U_15_1-20240726_10,uninfected,TP,AS_B_U_15_1-20240726_16,AS_B_U_15_1-20240726_16
1,933810,0,0,0,AS_C_I_15_2-20240726,AS_C_I_15_2-20240726_1,uninfected,TP,AS_C_I_15_2-20240726_10,AS_C_I_15_2-20240726_10
2,860880,38250,0.04443128,0.042541123,AS_C_I_15_2-20240726,AS_C_I_15_2-20240726_2,uninfected,TP,AS_C_I_15_2-20240726_16,AS_C_I_15_2-20240726_16
3,563040,282795,0.5022644927536232,0.33433825746156165,AS_C_I_15_2-20240726,AS_C_I_15_2-20240726_3,early_infected,TP,AS_C_I_15_2-20240726_19,AS_C_I_15_2-20240726_19
4,704820,179010,0.2539797395079595,0.20253894979803808,AS_C_I_15_2-20240726,AS_C_I_15_2-20240726_4,early_infected,TP,AS_C_I_15_2-20240726_18,AS_C_I_15_2-20240726_18
5,666570,61200,0.091813313,0.084092502,AS_C_I_15_2-20240726,AS_C_I_15_2-20240726_5,uninfected,TP,AS_C_I_15_2-20240726_11,AS_C_I_15_2-20240726_11
6,660195,0,0,0,AS_C_I_15_2-20240726,AS_C_I_15_2-20240726_6,uninfected,TP,AS_C_I_15_2-20240726_1,AS_C_I_15_2-20240726_1
7,40545,868785,21.42767295597484,0.9554122265844084,AS_C_I_15_2-20240726,AS_C_I_15_2-20240726_7,dead,TP,AS_C_I_15_2-20240726_9,AS_C_I_15_2-20240726_9
8,783360,1530,0.001953125,0.001949318,AS_C_I_15_2-20240726,AS_C_I_15_2-20240726_8,uninfected,FP,NA/10,NA
1,934830,504390,0.5395526459356247,0.35046066619418853,AS_C_I_15_3-20240724,AS_C_I_15_3-20240724_1,early_infected,TP,AS_C_I_15_3-20240724_8,AS_C_I_15_3-20240724_8
2,621180,221340,0.3563218390804598,0.2627118644067797,AS_C_I_15_3-20240724,AS_C_I_15_3-20240724_2,early_infected,TP,AS_C_I_15_3-20240724_23,AS_C_I_15_3-20240724_23
3,628320,242505,0.3859577922077922,0.27847730600292825,AS_C_I_15_3-20240724,AS_C_I_15_3-20240724_3,early_infected,FP,NA/8,NA
4,926925,111690,0.12049518569463548,0.1075374416891726,AS_C_I_15_3-20240724,AS_C_I_15_3-20240724_4,uninfected,TP,AS_C_I_15_3-20240724_20,AS_C_I_15_3-20240724_20
5,948600,14025,0.014784946,0.014569536,AS_C_I_15_3-20240724,AS_C_I_15_3-20240724_5,uninfected,TP,AS_C_I_15_3-20240724_15,AS_C_I_15_3-20240724_15
6,430950,637245,1.478698224852071,0.5965624253998568,AS_C_I_15_3-20240724,AS_C_I_15_3-20240724_6,late_infected,FP,NA/21,NA
7,1096245,5100,0.004652245,0.004630702,AS_C_I_15_3-20240724,AS_C_I_15_3-20240724_7,uninfected,TP,AS_C_I_15_3-20240724_6,AS_C_I_15_3-20240724_6
8,1331610,105315,0.079088472,0.073291925,AS_C_I_15_3-20240724,AS_C_I_15_3-20240724_8,uninfected,TP,AS_C_I_15_3-20240724_14,AS_C_I_15_3-20240724_14
9,731850,122400,0.1672473867595819,0.14328358208955225,AS_C_I_15_3-20240724,AS_C_I_15_3-20240724_9,uninfected,TP,AS_C_I_15_3-20240724_5,AS_C_I_15_3-20240724_5
10,330735,266220,0.8049344641480339,0.4459632635625801,AS_C_I_15_3-20240724,AS_C_I_15_3-20240724_10,early_infected,TP,AS_C_I_15_3-20240724_2,AS_C_I_15_3-20240724_2
11,384030,700995,1.8253652058432936,0.646063455,AS_C_I_15_3-20240724,AS_C_I_15_3-20240724_11,late_infected,TP,AS_C_I_15_3-20240724_17,AS_C_I_15_3-20240724_17
12,1003425,41310,0.041168996,0.039541128,AS_C_I_15_3-20240724,AS_C_I_15_3-20240724_12,uninfected,TP,AS_C_I_15_3-20240724_7,AS_C_I_15_3-20240724_7
13,670650,206295,0.3076045627376426,0.2352428031404478,AS_C_I_15_3-20240724,AS_C_I_15_3-20240724_13,early_infected,TP,AS_C_I_15_3-20240724_13,AS_C_I_15_3-20240724_13
14,371790,193800,0.5212620027434842,0.34265103697024346,AS_C_I_15_3-20240724,AS_C_I_15_3-20240724_14,early_infected,TP,AS_C_I_15_3-20240724_1,AS_C_I_15_3-20240724_1
15,452625,506685,1.11943662,0.5281765018607124,AS_C_I_15_3-20240724,AS_C_I_15_3-20240724_15,late_infected,TP,AS_C_I_15_3-20240724_22,AS_C_I_15_3-20240724_22
16,805545,97155,0.12060778727445394,0.1076271186440678,AS_C_I_15_3-20240724,AS_C_I_15_3-20240724_16,uninfected,TP,AS_C_I_15_3-20240724_25,AS_C_I_15_3-20240724_25
17,841500,240210,0.28545454545454546,0.22206506364922207,AS_C_I_15_3-20240724,AS_C_I_15_3-20240724_17,early_infected,FP,NA/8,NA
18,191250,694110,3.6293333333333337,0.7839861751152074,AS_C_I_15_3-20240724,AS_C_I_15_3-20240724_18,late_infected,TP,AS_C_I_15_3-20240724_21,AS_C_I_15_3-20240724_21
19,494955,0,0,0,AS_C_I_15_3-20240724,AS_C_I_15_3-20240724_19,uninfected,TP,AS_C_I_15_3-20240724_11,AS_C_I_15_3-20240724_11
20,464100,40035,0.086263736,0.079413252,AS_C_I_15_3-20240724,AS_C_I_15_3-20240724_20,uninfected,FP,NA/7,NA
21,846090,18870,0.022302592,0.021816038,AS_C_I_15_3-20240724,AS_C_I_15_3-20240724_21,uninfected,TP,AS_C_I_15_3-20240724_24,AS_C_I_15_3-20240724_24
22,710685,25500,0.035880875,0.034638033,AS_C_I_15_3-20240724,AS_C_I_15_3-20240724_22,uninfected,FP,NA/5,NA
1,730575,0,0,0,AS_C_U_15_3-20240717,AS_C_U_15_3-20240717_1,uninfected,TP,AS_C_U_15_3-20240717_9,AS_C_U_15_3-20240717_9
2,1512405,29070,0.019221042,0.018858561,AS_C_U_15_3-20240717,AS_C_U_15_3-20240717_2,uninfected,TP,AS_C_U_15_3-20240717_17,AS_C_U_15_3-20240717_17
3,613275,0,0,0,AS_C_U_15_3-20240717,AS_C_U_15_3-20240717_3,uninfected,TP,AS_C_U_15_3-20240717_13,AS_C_U_15_3-20240717_13
4,1113330,0,0,0,AS_C_U_15_3-20240717,AS_C_U_15_3-20240717_4,uninfected,TP,AS_C_U_15_3-20240717_2,AS_C_U_15_3-20240717_2
5,776220,0,0,0,AS_C_U_15_3-20240717,AS_C_U_15_3-20240717_5,uninfected,TP,AS_C_U_15_3-20240717_14,AS_C_U_15_3-20240717_14
6,1372410,0,0,0,AS_C_U_15_3-20240717,AS_C_U_15_3-20240717_6,uninfected,TP,AS_C_U_15_3-20240717_1,AS_C_U_15_3-20240717_1
7,1283925,29070,0.022641509,0.022140221,AS_C_U_15_3-20240717,AS_C_U_15_3-20240717_7,uninfected,TP,AS_C_U_15_3-20240717_16,AS_C_U_15_3-20240717_16
1,550545,178755,0.32468735525706344,0.2451048951048951,AS_STARTER_2-20240716,AS_STARTER_2-20240716_1,early_infected,TP,AS_STARTER_2-20240716_5,AS_STARTER_2-20240716_5
2,865980,8160,0.00942285,0.009334889,AS_STARTER_2-20240716,AS_STARTER_2-20240716_2,uninfected,TP,AS_STARTER_2-20240716_23,AS_STARTER_2-20240716_23
3,933300,13260,0.01420765,0.014008621,AS_STARTER_2-20240716,AS_STARTER_2-20240716_3,uninfected,TP,AS_STARTER_2-20240716_22,AS_STARTER_2-20240716_22
4,503370,163200,0.3242147922998987,0.2448355011476664,AS_STARTER_2-20240716,AS_STARTER_2-20240716_4,early_infected,TP,AS_STARTER_2-20240716_28,AS_STARTER_2-20240716_28
5,328440,99705,0.30357142857142855,0.2328767123287671,AS_STARTER_2-20240716,AS_STARTER_2-20240716_5,early_infected,TP,AS_STARTER_2-20240716_11,AS_STARTER_2-20240716_11
6,276675,344760,1.2460829493087555,0.5547804677882643,AS_STARTER_2-20240716,AS_STARTER_2-20240716_6,late_infected,TP,AS_STARTER_2-20240716_19,AS_STARTER_2-20240716_19
7,1068450,351390,0.3288782816229117,0.24748563218390804,AS_STARTER_2-20240716,AS_STARTER_2-20240716_7,early_infected,TP,AS_STARTER_2-20240716_6,AS_STARTER_2-20240716_6
8,541620,343485,0.634180791,0.3880726015557476,AS_STARTER_2-20240716,AS_STARTER_2-20240716_8,early_infected,TP,AS_STARTER_2-20240716_3,AS_STARTER_2-20240716_3
9,641070,287130,0.4478918058870326,0.30934065934065935,AS_STARTER_2-20240716,AS_STARTER_2-20240716_9,early_infected,TP,AS_STARTER_2-20240716_18,AS_STARTER_2-20240716_18
10,571710,169065,0.29571810883140054,0.22822719449225473,AS_STARTER_2-20240716,AS_STARTER_2-20240716_10,early_infected,TP,AS_STARTER_2-20240716_31,AS_STARTER_2-20240716_31
11,846345,176970,0.20909912624284424,0.17293795165711437,AS_STARTER_2-20240716,AS_STARTER_2-20240716_11,uninfected,TP,AS_STARTER_2-20240716_33,AS_STARTER_2-20240716_33
12,743070,75735,0.10192175703500345,0.09249455,AS_STARTER_2-20240716,AS_STARTER_2-20240716_12,uninfected,TP,AS_STARTER_2-20240716_17,AS_STARTER_2-20240716_17
1,759390,13260,0.017461383,0.017161716,AS_STARTER_5-20240716,AS_STARTER_5-20240716_1,uninfected,TP,AS_STARTER_5-20240716_5,AS_STARTER_5-20240716_5
2,665040,5865,0.008819018,0.008741923,AS_STARTER_5-20240716,AS_STARTER_5-20240716_2,uninfected,TP,AS_STARTER_5-20240716_16,AS_STARTER_5-20240716_16
3,1260465,144840,0.11490997370018208,0.10306659408455816,AS_STARTER_5-20240716,AS_STARTER_5-20240716_3,uninfected,TP,AS_STARTER_5-20240716_15,AS_STARTER_5-20240716_15
4,400605,296565,0.7402928071292171,0.4253840526700805,AS_STARTER_5-20240716,AS_STARTER_5-20240716_4,early_infected,TP,AS_STARTER_5-20240716_20,AS_STARTER_5-20240716_20
5,1088850,103275,0.094847775,0.086631016,AS_STARTER_5-20240716,AS_STARTER_5-20240716_5,uninfected,TP,AS_STARTER_5-20240716_18,AS_STARTER_5-20240716_18
6,860625,32640,0.037925926,0.036540108,AS_STARTER_5-20240716,AS_STARTER_5-20240716_6,uninfected,TP,AS_STARTER_5-20240716_17,AS_STARTER_5-20240716_17
7,897345,18360,0.020460358,0.020050125,AS_STARTER_5-20240716,AS_STARTER_5-20240716_7,uninfected,FP,NA/15,NA
8,913665,7650,0.008372872,0.008303349,AS_STARTER_5-20240716,AS_STARTER_5-20240716_8,uninfected,TP,AS_STARTER_5-20240716_3,AS_STARTER_5-20240716_3
9,48960,373065,7.619791666666667,0.8839879154078549,AS_STARTER_5-20240716,AS_STARTER_5-20240716_9,dead,FP,NA,NA
10,414120,0,0,0,AS_STARTER_5-20240716,AS_STARTER_5-20240716_10,uninfected,TP,AS_STARTER_5-20240716_7,AS_STARTER_5-20240716_7
11,170340,347310,2.038922155688623,0.670935961,AS_STARTER_5-20240716,AS_STARTER_5-20240716_11,late_infected,FP,NA,NA
12,536265,232305,0.43319067998097954,0.3022561380225614,AS_STARTER_5-20240716,AS_STARTER_5-20240716_12,early_infected,TP,AS_STARTER_5-20240716_8,AS_STARTER_5-20240716_8
13,679830,35445,0.052138035,0.049554367,AS_STARTER_5-20240716,AS_STARTER_5-20240716_13,uninfected,TP,AS_STARTER_5-20240716_14,AS_STARTER_5-20240716_14
14,861900,6885,0.007988166,0.007924861,AS_STARTER_5-20240716,AS_STARTER_5-20240716_14,uninfected,FP,NA/3,NA
1,5865,796365,135.7826086956522,0.9926891290527654,AS_Starter_1-20240711,AS_Starter_1-20240711_1,dead,FP,NA,NA
2,425085,0,0,0,AS_Starter_1-20240711,AS_Starter_1-20240711_2,uninfected,TP,AS_Starter_1-20240711_16,AS_Starter_1-20240711_16
3,753015,765,0.001015916,0.001014885,AS_Starter_1-20240711,AS_Starter_1-20240711_3,uninfected,TP,AS_Starter_1-20240711_10,AS_Starter_1-20240711_10
4,118575,672945,5.675268817204301,0.8501932989690721,AS_Starter_1-20240711,AS_Starter_1-20240711_4,dead,FP,NA,NA
5,575535,0,0,0,AS_Starter_1-20240711,AS_Starter_1-20240711_5,uninfected,TP,AS_Starter_1-20240711_1,AS_Starter_1-20240711_1
6,545190,0,0,0,AS_Starter_1-20240711,AS_Starter_1-20240711_6,uninfected,TP,AS_Starter_1-20240711_9,AS_Starter_1-20240711_9
7,449820,170085,0.3781179138321995,0.274372686,AS_Starter_1-20240711,AS_Starter_1-20240711_7,early_infected,TP,AS_Starter_1-20240711_38,AS_Starter_1-20240711_38
1,273105,122910,0.450046685,0.31036703155183515,AS_Starter_3-20240711,AS_Starter_3-20240711_1,early_infected,FP,NA/2,NA
2,646935,152745,0.23610563657863615,0.1910076530612245,AS_Starter_3-20240711,AS_Starter_3-20240711_2,uninfected,TP,AS_Starter_3-20240711_1,AS_Starter_3-20240711_1
3,517905,87210,0.16838995568685378,0.14412136536030343,AS_Starter_3-20240711,AS_Starter_3-20240711_3,uninfected,TP,AS_Starter_3-20240711_16,AS_Starter_3-20240711_16
4,293760,20910,0.071180556,0.066450567,AS_Starter_3-20240711,AS_Starter_3-20240711_4,uninfected,TP,AS_Starter_3-20240711_36,AS_Starter_3-20240711_36
5,289680,202215,0.6980633802816901,0.4110938310005184,AS_Starter_3-20240711,AS_Starter_3-20240711_5,early_infected,TP,AS_Starter_3-20240711_2,AS_Starter_3-20240711_2
6,311355,0,0,0,AS_Starter_3-20240711,AS_Starter_3-20240711_6,uninfected,TP,AS_Starter_3-20240711_5,AS_Starter_3-20240711_5
7,213180,2550,0.011961722,0.011820331,AS_Starter_3-20240711,AS_Starter_3-20240711_7,uninfected,TP,AS_Starter_3-20240711_34,AS_Starter_3-20240711_34
8,264690,18870,0.071290944,0.066546763,AS_Starter_3-20240711,AS_Starter_3-20240711_8,uninfected,TP,AS_Starter_3-20240711_13,AS_Starter_3-20240711_13
